Order ID,OrderDate,Gender,Phone,City,State,Product,Category,Customer Segment,Sales Channel,Quantity,Unit Price,Discount,Revenue,Cost,Profit,Payment,Salesperson,Order Status,Customer Rating,Delivery Days,Returned,Customer Satisfaction
ORD10001,15/04/2025,Male,8536146025,Chennai,Tamil Nadu,Monitor,Electronics,Enterprise,Online,5,18000,3,87300,60621.35,26678.65,UPI,Priya,Pending,,9,Yes,3.7
ORD10002,07/01/2025,Female,7193448329,Coimbatore,Tamil Nadu,Webcam,Accessories,Corporate,Retail Store,4,3500,8,12880,10659.93,2220.07,Debit Card,Priya,Completed,4,2,No,4.5
ORD10003,08/05/2025,Female,9562265906,Pune,Maharashtra,SSD,Storage,Small Business,Retail Store,1,6500,15,5525,4746.7,778.3,EMI,Priya,Completed,,4,No,5
ORD10004,09/01/2026,Male,8878380452,Bangalore,Karnataka,Mouse,Accessories,Small Business,Online,7,900,5,5985,4591.56,1393.44,Cash,Karthik,Pending,2,8,No,2.8
ORD10005,27/02/2025,Female,7149938334,Mumbai,Maharashtra,Webcam,Accessories,Consumer,Retail Store,6,3500,20,16800,16892.3,-92.3,Cash,Sneha,Pending,,8,No,4.7
ORD10006,29/07/2026,Female,9856119925,Hyderabad,Telangana,Smartphone,Electronics,Enterprise,Distributor,5,32000,3,155200,108670.5,46529.5,Credit Card,Karthik,Returned,1,1,Yes,2.5
ORD10007,25/04/2026,Male,8921794983,Coimbatore,Tamil Nadu,Keyboard,Accessories,Consumer,Distributor,2,1800,8,3312,2561.72,750.28,EMI,Sneha,Completed,3,7,Yes,3.4
ORD10008,03/10/2026,Other,6854316681,Kochi,Kerala,Headset,Accessories,Corporate,Distributor,3,2200,10,5940,5537.6,402.4,Credit Card,Suresh,Completed,5,6,No,2.1
ORD10009,04/08/2026,Male,9266761413,Pune,Maharashtra,Printer,Office Equipment,Corporate,Retail Store,4,12000,0,48000,32534.84,15465.16,EMI,Meena,Pending,3,9,No,4.9
ORD10010,28/10/2026,Female,6519709079,Mumbai,Maharashtra,Webcam,Accessories,Corporate,Retail Store,5,3500,8,16100,15029.63,1070.37,UPI,Sneha,Completed,5,9,Yes,3.8
ORD10011,02/02/2025,Male,7196050747,Bangalore,Karnataka,Laptop,Electronics,Enterprise,Retail Store,1,55000,3,53350,34989.68,18360.32,Cash,Karthik,Returned,2,8,No,2.6
ORD10012,25/02/2025,Male,7729245242,Coimbatore,Tamil Nadu,Monitor,Electronics,Small Business,Online,,18000,8,99360,77615.77,21744.23,Credit Card,Divya,Pending,5,8,Yes,3.3
ORD10013,30/03/2026,Other,8321807489,Trichy,Tamil Nadu,Headset,Accessories,Consumer,Online,4,2200,20,7040,7405.94,-365.94,Credit Card,Karthik,Returned,4,8,Yes,4.6
ORD10014,29/09/2025,Other,9137496438,Hyderabad,Telangana,Laptop,Electronics,Enterprise,Retail Store,7,55000,0,385000,329742.54,55257.46,Credit Card,Rahul,Pending,1,10,Yes,4.2
ORD10015,28/06/2026,Male,9656488400,Chennai,Tamil Nadu,Laptop,Electronics,Corporate,Online,8,55000,10,396000,369887.28,26112.72,Cash,Priya,Pending,4,2,Yes,3.7
ORD10016,02/08/2026,female,8876451163,Madurai,Tamil Nadu,Laptop,Electronics,Small Business,Retail Store,2,55000,8,101200,85554.65,15645.35,Debit Card,Vijay,Pending,,11,No,3.4
ORD10017,13/04/2025,Other,7139027119,Chennai,Tamil Nadu,Monitor,Electronics,Corporate,Distributor,8,18000,10,129600,123786.59,5813.41,UPI,Divya,Cancelled,3,3,No,4.5
ORD10018,03/11/2025,Female,6495762348,Madurai,Tamil Nadu,Headset,Accessories,Consumer,Retail Store,1,2200,15,1870,1795.43,74.57,Debit Card,Rahul,Pending,,6,Yes,4.1
ORD10019,22/02/2025,Female,6189351213,Kochi,Kerala,Headset,Accessories,Consumer,Distributor,8,2200,5,16720,14736.14,1983.86,Credit Card,Rahul,Pending,,8,No,3.7
ORD10020,14/01/2026,Female,6547374338,Bangalore,Karnataka,Monitor,Electronics,Consumer,Distributor,3,18000,10,48600,33946.92,14653.08,Debit Card,Arun,Cancelled,2,11,Yes,4
ORD10021,31/08/2025,Male,6770348179,Kochi,Kerala,Printer,Office Equipment,Small Business,Direct Sales,7,12000,10,75600,67189.47,8410.53,EMI,Divya,Cancelled,2,12,Yes,3.1
ORD10022,17/04/2026,Male,6101637979,Trichy,Tamil Nadu,Laptop,Electronics,Corporate,Direct Sales,4,55000,3,213400,179515.77,33884.23,Debit Card,Rahul,Completed,3,6,No,4
ORD10023,25/09/2025,Male,6465585404,Delhi,Delhi,Webcam,Accessories,Small business,Distributor,1,3500,0,3500,2906.71,593.29,EMI,Sneha,Returned,5,9,Yes,3.2
ORD10024,02/01/2025,Female,7852408227,Mumbai,Maharashtra,SSD,Storage,Consumer,Distributor,5,6500,0,32500,25678.53,6821.47,Cash,Sneha,Completed,,5,No,4
ORD10025,07/03/2026,Other,8444288473,Coimbatore,Tamil Nadu,Printer,Office Equipment,Small Business,Direct Sales,5,12000,10,54000,39032.94,14967.06,Cash,Arun,Cancelled,3,4,No,4.4
ORD10026,07/08/2025,Other,6364194056,Delhi,Delhi,SSD,Storage,Small Business,Distributor,8,6500,8,47840,37758.15,10081.85,UPI,Divya,Cancelled,2,4,Yes,2.1
ORD10027,07/10/2026,M,7716495971,Trichy,Tamil Nadu,Mouse,Accessories,Corporate,Retail Store,2,900,8,1656,1295.04,360.96,EMI,Arun,Completed,4,4,Yes,4.4
ORD10028,05/05/2025,Other,8281194061,Trichy,Tamil Nadu,Webcam,Accessories,Small Business,Direct Sales,1,3500,10,3150,2379.33,770.67,Cash,Suresh,Returned,5,8,Yes,4.2
ORD10029,15/10/2026,Other,7027553177,Trichy,Tamil Nadu,Smartphone,Electronics,Small Business,Direct Sales,5,32000,20,128000,108694.01,19305.99,UPI,Rahul,Pending,3,6,No,4.7
ORD10030,06/06/2025,Female,7750625978,Hyderabad,Telangana,Monitor,Electronics,Small Business,Direct Sales,3,18000,3,52380,38444.14,13935.86,Net Banking,Arun,Pending,4,7,Yes,4.6
ORD10031,02/11/2025,Other,9155229266,Coimbatore,Tamil Nadu,SSD,Storage,Corporate,Direct Sales,8,6500,0,52000,44005.42,7994.58,Credit Card,Rahul,Returned,4,1,No,3
ORD10032,01/07/2026,Other,8847562279,Hyderabad,Telangana,Tablet,Electronics,Consumer,Online,8,28000,3,217280,191603.61,25676.39,EMI,Vijay,Pending,4,3,Yes,2.8
ORD10033,24/01/2026,Male,8019952485,Mumbai,Maharashtra,Printer,Office Equipment,Consumer,Online,8,12000,5,91200,67296.01,23903.99,Debit Card,Divya,Completed,,1,Yes,4.8
ORD10034,17/11/2026,Female,9004179184,Chennai,Tamil Nadu,Mouse,Accessories,Small Business,Distributor,3,900,3,2619,1755.79,863.21,Credit Card,Anitha,Completed,2,5,Yes,3.7
ORD10035,23/07/2025,Male,8994421136,Madurai,Tamil Nadu,Headset,Accessories,Small Business,Online,7,2200,8,14168,13027.68,1140.32,Cash,Arun,Cancelled,5,7,No,2.2
ORD10036,20/03/2026,Other,6657091982,Chennai,Tamil Nadu,Printer,Office Equipment,Enterprise,Retail Store,7,12000,20,67200,61962.47,5237.53,EMI,Suresh,Cancelled,5,9,No,3.4
ORD10037,30/03/2025,Female,8447485590,Pune,Maharashtra,SSD,Storage,Enterprise,Distributor,6,6500,20,31200,26477.83,4722.17,UPI,Meena,Cancelled,2,8,Yes,3.1
ORD10038,10/10/2025,Male,6367704871,Delhi,Delhi,Headset,Accessories,Corporate,Direct Sales,5,2200,10,9900,8671.13,1228.87,Net Banking,Suresh,Pending,,8,No,3.3
ORD10039,07/09/2025,Female,8032638323, CHENNAI ,Karnataka,Laptop,Electronics,Small Business,Direct Sales,5,55000,3,266750,197190.47,69559.53,EMI,Suresh,Cancelled,3,12,No,2.8
ORD10040,03/05/2025,Male,6929364954,Mumbai,Maharashtra,Headset,Accessories,Enterprise,Distributor,2,2200,15,3740,2931.37,808.63,EMI,Anitha,Cancelled,1,4,No,2.7
ORD10041,08/10/2025,Female,8995384868,Pune,Maharashtra,Keyboard,Accessories,Corporate,Direct Sales,1,1800,15,1530,1346.75,183.25,UPI,Arun,Cancelled,4,8,No,3
ORD10042,15/02/2026,Other,8948284698,Pune,Maharashtra,Laptop,Electronics,Consumer,Retail Store,8,55000,0,440000,359615.41,80384.59,Credit Card,Anitha,Cancelled,1,4,Yes,3.7
ORD10043,07/04/2026,Female,7311598149,Madurai,Tamil Nadu,Tablet,Electronics,Consumer,Online,4,28000,20,,83486.75,6113.25,Credit Card,Divya,Cancelled,,2,Yes,2.7
ORD10044,07/12/2026,Male,6994182853,chennai,Karnataka,Webcam,Accessories,Small Business,Distributor,3,3500,0,10500,7539.46,2960.54,EMI,Meena,Completed,,4,No,4.4
ORD10045,26/10/2026,Male,6256143439,Mumbai,Maharashtra,SSD,Storage,Corporate,Distributor,7,6500,0,45500,34156.62,11343.38,Cash,Anitha,Cancelled,4,2,No,4.1
ORD10046,10/02/2025,Other,,Pune,Maharashtra,Tablet,Electronics,Consumer,Online,8,28000,8,206080,143204.55,62875.45,Credit Card,Anitha,Completed,,5,Yes,4.3
ORD10047,23/08/2026,Male,8018679284,Trichy,Tamil Nadu,Keyboard,Accessories,Small Business,Direct Sales,8,1800,5,13680,9555.23,4124.77,Debit Card,Sneha,Completed,2,6,No,4.1
ORD10048,16/09/2025,Other,9543035341,Coimbatore,Tamil Nadu,Headset,Accessories,Consumer,Direct Sales,1,2200,8,2024,1410.5,613.5,Net Banking,Arun,Pending,5,6,No,3.9
ORD10049,22/10/2025,Male,6123993296,Mumbai,Maharashtra,Laptop,Electronics,Corporate,Retail Store,5,55000,10,247500,179146.87,68353.13,Debit Card,Suresh,Completed,5,7,Yes,2.7
ORD10050,26/05/2026,Other,7174350979,Trichy,Tamil Nadu,Monitor,Electronics,Enterprise,Direct Sales,2,18000,15,30600,29509.72,1090.28,Net Banking,Divya,Returned,5,3,No,2.6
ORD10051,01/03/2026,Male,7214784185,Kochi,Kerala,SSD,Storage,Small Business,Direct Sales,3,6500,20,15600,12416.71,3183.29,Credit Card,Meena,Returned,3,6,No,3.4
ORD10052,25/02/2026,Other,9923152675,Mumbai,Maharashtra,Printer,Office Equipment,Enterprise,Direct Sales,4,12000,10,43200,34171.82,9028.18,EMI,Karthik,Returned,1,3,No,4.6
ORD10053,24/02/2026,,9356625550,Bangalore,Karnataka,Smartphone,Electronics,Small Business,Distributor,8,32000,0,256000,203106.95,52893.05,Cash,Vijay,Completed,3,11,No,4.9
ORD10054,09/10/2026,Other,6388176285,Kochi,Kerala,Smartphone,Electronics,Enterprise,Online,1,32000,10,28800,20365.47,8434.53,EMI,Priya,Returned,2,12,No,4.7
ORD10055,18/03/2026,Female,8430642523,Delhi,Delhi,Laptop,Electronics,Corporate,Retail Store,1,55000,5,52250,38831.72,13418.28,Credit Card,Priya,Returned,5,11,Yes,3.5
ORD10056,16/04/2026,Female,9870665004,Hyderabad,Telangana,SSD,Storage,Small Business,Retail Store,4,6500,8,23920,20100.52,3819.48,UPI,Meena,Cancelled,5,5,No,4.1
ORD10057,20/04/2025,Female,8468798461,Pune,Maharashtra,Smartphone,Electronics,Small Business,Distributor,4,32000,8,117760,105574.47,12185.53,UPI,Vijay,Cancelled,1,10,Yes,4.7
ORD10058,13/08/2025,Female,8910976189,Pune,Maharashtra,Smartphone,Electronics,Corporate,Online,4,32000,10,115200,103995.35,11204.65,EMI,Arun,Cancelled,4,1,No,4.2
ORD10059,25/07/2025,Other,8155192095,Pune,Maharashtra,Monitor,Electronics,Small Business,Retail Store,6,18000,15,91800,77729.84,14070.16,Debit Card,Meena,Cancelled,,6,Yes,3.4
ORD10060,22/11/2026,Male,9395953188,Hyderabad,Telangana,Monitor,Electronics,Enterprise,Online,4,18000,20,57600,56326.87,1273.13,Debit Card,Suresh,Completed,4,6,No,3.8
ORD10061,29/07/2026,Other,6271515109,Bangalore,Karnataka,Printer,Office Equipment,Enterprise,Distributor,4,12000,8,44160,30048.28,14111.72,EMI,Vijay,Completed,2,1,Yes,2.9
ORD10062,19/05/2025,Other,9191762519,Bangalore,Karnataka,Smartphone,Electronics,Enterprise,Retail Store,2,32000,3,62080,53308.3,8771.7,Net Banking,Priya,Returned,5,7,No,2.1
ORD10063,07/01/2026,Other,9872755741,Mumbai,Maharashtra,Printer,Office Equipment,Small Business,Online,8,12000,8,88320,81420.79,6899.21,Net Banking,Rahul,Pending,1,8,Yes,4
ORD10064,09/05/2025,Other,6889734128,Chennai,Tamil Nadu,SSD,Storage,Corporate,Retail Store,1,6500,20,5200,4550.27,649.73,Debit Card,Karthik,Completed,3,3,Yes,3.6
ORD10065,01/09/2025,Male,7139744790,Bangalore,Karnataka,Keyboard,Accessories,Consumer,Retail Store,1,1800,3,1746,1122.42,623.58,EMI,Vijay,Completed,,2,No,3.3
ORD10066,22/09/2026,Female,7967277638,Kochi,Kerala,Printer,Office Equipment,Consumer,Online,2,12000,8,22080,17782.11,4297.89,Net Banking,Vijay,Returned,,2,No,4.1
ORD10067,09/03/2025,Other,8514122177,Bangalore,Karnataka,Smartphone,Electronics,Small Business,Direct Sales,,32000,5,60800,49023.45,11776.55,Cash,Suresh,Cancelled,4,9,No,2.3
ORD10068,22/08/2025,Female,7786661942,Bengaluru,Kerala,Monitor,Electronics,Consumer,Distributor,4,18000,8,66240,52442.87,13797.13,Net Banking,Sneha,Cancelled,3,3,No,2.2
ORD10069,17/01/2026,M,8411995282,Bangalore,Karnataka,Monitor,Electronics,Small Business,Online,7,18000,0,126000,100636.37,25363.63,Net Banking,Sneha,Returned,,1,No,3.8
ORD10070,18/08/2025,Female,6493428666,Bangalore,Karnataka,Printer,Office Equipment,Small Business,Retail Store,4,12000,3,46560,37325.6,9234.4,Net Banking,Suresh,Completed,5,11,No,2.1
ORD10071,27/05/2025,Male,6609346980,Pune,Maharashtra,Headset,Accessories,Consumer,Online,6,2200,5,12540,8203.34,4336.66,EMI,Suresh,Pending,4,7,No,3
ORD10072,03/09/2026,Male,9240277427,Pune,Maharashtra,Printer,Office Equipment,Consumer,Online,6,12000,20,57600,60907.52,-3307.52,Debit Card,Meena,Returned,4,10,No,3.2
ORD10073,18/10/2025,Female,8263164755,Kochi,Kerala,Mouse,Accessories,Small Business,Online,2,900,5,1710,1301.72,408.28,Credit Card,Vijay,Completed,1,4,No,4.8
ORD10074,25/05/2026,Male,7632978535,Pune,Maharashtra,Keyboard,Accessories,Corporate,Distributor,5,1800,5,8550,5839.17,2710.83,UPI,Vijay,Completed,4,1,No,4.8
ORD10075,18/10/2026,Female,6089578218,Madurai,Tamil Nadu,Printer,Office Equipment,Small Business,Retail Store,7,12000,10,75600,60233.17,15366.83,Cash,Meena,Cancelled,1,7,Yes,2.7
ORD10076,14/12/2025,Male,8192509020,Coimbatore,Tamil Nadu,SSD,Storage,Consumer,Retail Store,2,6500,8,11960,10776.04,1183.96,Debit Card,Sneha,Pending,2,2,Yes,2.8
ORD10077,19/03/2025,Female,9240320145,Madurai,Tamil Nadu,Keyboard,Accessories,Enterprise,Distributor,3,1800,20,4320,4331.86,-11.86,EMI,Sneha,Pending,4,2,No,3.3
ORD10078,14/11/2025,Male,7583715924,Pune,Maharashtra,Headset,Accessories,Small Business,Online,1,2200,5,2090,1631.87,458.13,EMI,Priya,Returned,4,10,Yes,3.3
ORD10079,04/06/2025,Female,9067961943,Mumbai,Maharashtra,SSD,Storage,Consumer,Retail Store,6,6500,10,35100,28631.89,6468.11,UPI,Divya,Returned,4,9,Yes,3.1
ORD10080,05/09/2026,Male,7416011033,Coimbatore,Tamil Nadu,Headset,Accessories,Consumer,Direct Sales,7,2200,20,12320,10798.6,1521.4,Debit Card,Rahul,Pending,3,2,Yes,4.8
ORD10081,28/03/2025,Other,9400162238,Coimbatore,Tamil Nadu,Headset,Accessories,Small Business,Retail Store,3,2200,10,5940,5214.79,725.21,EMI,Suresh,Completed,,11,No,3.5
ORD10082,16/12/2025,Male,6665484476,Delhi,Delhi,Laptop,Electronics,Consumer,Distributor,5,55000,3,266750,233277.17,33472.83,UPI,Suresh,Completed,,6,Yes,3.8
ORD10083,02/10/2026,Male,7764624310,Hyderabad,Telangana,Keyboard,Accessories,Small Business,Retail Store,3,1800,20,4320,4245.93,74.07,Net Banking,Anitha,Cancelled,,8,Yes,3.6
ORD10084,08/08/2026,Female,8159967797,Trichy,Tamil Nadu,Headset,Accessories,Enterprise,Retail Store,4,2200,5,8360,6888.58,1471.42,Credit Card,Anitha,Pending,3,1,No,4.6
ORD10085,14/06/2025,Male,9569318475,Bangalore,Karnataka,Webcam,Accessories,Enterprise,Online,2,3500,5,6650,4480.91,2169.09,Credit Card,Meena,Cancelled,1,7,Yes,3.2
ORD10086,29/01/2025,Male,6590985753,Mumbai,Maharashtra,Printer,Office Equipment,SMB,Distributor,7,12000,0,84000,59638.24,24361.76,Net Banking,Karthik,Returned,4,10,Yes,4.7
ORD10087,16/09/2026,Female,7020657023,Pune,Maharashtra,Laptop,Electronics,Small Business,Online,4,55000,20,176000,144294.64,31705.36,UPI,Divya,Returned,,10,No,2.2
ORD10088,05/09/2025,Female,6006718781,Madurai,Tamil Nadu,Smartphone,Electronics,Small Business,Retail Store,1,32000,15,27200,23798.09,3401.91,Cash,Vijay,Pending,,11,Yes,3.6
ORD10089,14/02/2025,Female,9209700340,Bangalore,Karnataka,Printer,Office Equipment,Consumer,Distributor,1,12000,8,11040,9955.19,1084.81,UPI,Sneha,Pending,,11,Yes,4.3
ORD10090,21/10/2026,Other,8055275742,Hyderabad,Telangana,Printer,Office Equipment,Corporate,Retail Store,1,12000,5,11400,9012.52,2387.48,UPI,Meena,Completed,3,4,Yes,4.4
ORD10091,11/07/2026,Other,9876543210,Delhi,Delhi,Laptop,Electronics,Small Business,Distributor,5,55000,10,247500,196782.79,50717.21,UPI,Sneha,Cancelled,1,6,No,4.7
ORD10092,25/05/2026,Male,9122790501,Coimbatore,Tamil Nadu,Smartphone,Electronics,Enterprise,Online,6,32000,3,186240,141905.04,44334.96,Net Banking,Anitha,Pending,5,5,No,2.3
ORD10093,13/03/2026,Female,7920407276,Pune,Maharashtra,Printer,Office Equipment,Consumer,Distributor,5,12000,8,55200,45877.75,9322.25,Cash,Vijay,Cancelled,,1,Yes,4
ORD10094,15/09/2026,Male,6288765093,Delhi,Delhi,Tablet,Electronics,Corporate,Distributor,3,28000,0,84000,54958.43,29041.57,Debit Card,Vijay,Completed,5,3,No,4.8
ORD10095,11/01/2026,Male,6487258103,Trichy,Tamil Nadu,Printer,Office Equipment,Consumer,Retail Store,2,12000,10,21600,15673.12,5926.88,Net Banking,Suresh,Returned,5,2,No,4.3
ORD10096,18/05/2026,Male,7941508568,Mumbai,Maharashtra,Smartphone,Electronics,Corporate,Direct Sales,5,32000,15,136000,134392.79,1607.21,UPI,Sneha,Cancelled,,2,No,4.7
ORD10097,25/07/2025,Male,7550038771,Hyderabad,Telangana,Keyboard,Accessories,Small Business,Direct Sales,6,1800,10,9720,7277.23,2442.77,Cash,Karthik,Completed,1,5,No,5
ORD10098,12/08/2026,Other,6318536327,Kochi,Kerala,Smartphone,Electronics,Enterprise,Direct Sales,7,32000,20,179200,160891.15,18308.85,EMI,Suresh,Cancelled,2,9,Yes,4.3
ORD10099,06/06/2025,Female,9046558332,Coimbatore,Tamil Nadu,Keyboard,Accessories,Corporate,Distributor,1,1800,20,1440,1169.64,270.36,Cash,Rahul,Completed,3,4,No,2.4
ORD10100,30/08/2026,Other,8682117678,Madurai,Tamil Nadu,Headset,Accessories,Small Business,Online,2,2200,10,3960,3404.88,555.12,UPI,Priya,Completed,,10,No,4
ORD10101,13/07/2026,Female,7051742593,Coimbatore,Tamil Nadu,SSD,Storage,Enterprise,Distributor,1,6500,8,5980,5416.84,563.16,Net Banking,Priya,Completed,2,8,No,3.5
ORD10102,23/11/2025,Male,9267031264,Delhi,Delhi,Mouse,Accessories,Small Business,Online,3,900,5,2565,2232.24,332.76,Debit Card,Divya,Returned,1,5,No,2.7
ORD10103,05/03/2026,Other,9097223039,Chennai,Tamil Nadu,Monitor,Electronics,Small Business,Retail Store,5,18000,8,82800,74465.94,8334.06,Credit Card,Meena,Returned,4,5,No,2.1
ORD10104,28/12/2025,Female,8566323583,Kochi,Kerala,Tablet,Electronics,Enterprise,Distributor,8,28000,3,217280,150446.16,66833.84,Cash,Arun,Completed,4,3,No,4.2
ORD10105,30/07/2026,Female,6315816454,Delhi,Delhi,Tablet,Electronics,Enterprise,Direct Sales,,28000,8,25760,17703.78,8056.22,Cash,Rahul,Completed,2,2,No,3.1
ORD10106,09/09/2026,Male,6194576436,Kochi,Kerala,Printer,Office Equipment,Consumer,Retail Store,6,12000,20,57600,47132.94,10467.06,EMI,Sneha,Returned,5,8,Yes,3.8
ORD10107,07/02/2026,Other,7444712976,Hyderabad,Telangana,Webcam,Accessories,Enterprise,Distributor,6,3500,10,18900,14625.39,4274.61,Net Banking,Arun,Cancelled,3,11,Yes,4.9
ORD10108,03/11/2026,Other,6220568746,Pune,Maharashtra,SSD,Storage,Enterprise,Retail Store,1,6500,10,5850,4770.36,1079.64,Cash,Anitha,Returned,2,11,Yes,2.1
ORD10109,05/06/2025,Female,8155298355,Mumbai,Maharashtra,Monitor,Electronics,Enterprise,Online,1,18000,8,16560,12515.15,4044.85,EMI,Karthik,Pending,5,6,No,3.6
ORD10110,29/12/2025,Other,8079537716,Hyderabad,Telangana,Printer,Office Equipment,Corporate,Retail Store,8,12000,10,86400,67407.21,18992.79,Debit Card,Suresh,Cancelled,2,5,No,4.1
ORD10111,08/10/2025,Other,8332987057,Delhi,Delhi,Smartphone,Electronics,Enterprise,Direct Sales,8,32000,5,243200,193156.36,50043.64,Debit Card,Karthik,Cancelled,1,5,Yes,3
ORD10112,06/07/2026,Male,6469124598,Pune,Maharashtra,Smartphone,Electronics,Corporate,Retail Store,8,32000,3,248320,171135.06,77184.94,UPI,Suresh,Pending,,4,Yes,2.3
ORD10113,06/01/2025,Other,9782352003,Trichy,Tamil Nadu,Printer,Office Equipment,Enterprise,Direct Sales,2,12000,15,20400,19319.61,1080.39,EMI,Divya,Cancelled,3,5,Yes,4.7
ORD10114,08/02/2025,Male,9591465377,Madurai,Tamil Nadu,Monitor,Electronics,Enterprise,Direct Sales,4,18000,10,64800,57404.5,7395.5,Credit Card,Rahul,Completed,1,5,Yes,4.8
ORD10115,21/05/2026,Female,6828118650,Pune,Maharashtra,Printer,Office Equipment,Corporate ,Distributor,8,12000,15,81600,72037.64,9562.36,Credit Card,Meena,Cancelled,,3,Yes,4.2
ORD10116,17/10/2026,Female,9876543210,Madurai,Tamil Nadu,Headset,Accessories,Enterprise,Online,4,2200,3,8536,6746.34,1789.66,Credit Card,Karthik,Returned,3,4,Yes,2.8
ORD10117,10/08/2026,Other,7014911848,Trichy,Tamil Nadu,Mouse,Accessories,Consumer,Online,5,900,5,4275,3116.1,1158.9,Net Banking,Rahul,Pending,4,11,No,4.1
ORD10118,05/05/2026,Female,7786043319,Delhi,Delhi,Headset,Accessories,Enterprise,Retail Store,4,2200,3,8536,7477.95,1058.05,Credit Card,Anitha,Completed,5,8,No,2.2
ORD10119,02/06/2026,Male,6706681697,Bangalore,Karnataka,SSD,Storage,Small Business,Direct Sales,1,6500,20,5200,4884.33,315.67,UPI,Divya,Returned,1,9,No,4.4
ORD10120,27/07/2026,Other,6093503397,Hyderabad,Telangana,Smartphone,Electronics,Enterprise,Distributor,7,32000,8,206080,169195.87,36884.13,UPI,Divya,Completed,1,7,No,4.1
ORD10121,23/02/2026,Female,9828248698,Chennai,Tamil Nadu,Webcam,Accessories,Enterprise,Direct Sales,2,3500,8,6440,4393.31,2046.69,Net Banking,Vijay,Completed,,11,Yes,4
ORD10122,11/05/2025,Male,7281459294,Bangalore,Karnataka,Printer,Office Equipment,Enterprise,Direct Sales,3,12000,10,32400,25716.03,6683.97,Cash,Vijay,Pending,2,8,No,2.5
ORD10123,22/09/2026,Male,6433348075,Bangalore,Karnataka,Mouse,Accessories,Consumer,Direct Sales,1,900,20,720,700.6,19.4,Cash,Arun,Pending,,1,No,3.3
ORD10124,24/10/2025,Female,8480235438,Mumbai,Maharashtra,Webcam,Accessories,Small Business,Retail Store,1,3500,3,3395,2593.27,801.73,Debit Card,Karthik,Pending,4,5,No,2.2
ORD10125,19/12/2025,Other,7368954072,Hyderabad,Telangana,SSD,Storage,Enterprise,Direct Sales,7,6500,10,40950,33622.18,7327.82,Credit Card,Rahul,Returned,2,9,No,2.7
ORD10126,01/03/2025,Other,8276297510,Pune,Maharashtra,Mouse,Accessories,Corporate,Direct Sales,3,900,20,2160,1974.04,185.96,Credit Card,Rahul,Pending,3,11,Yes,4.8
ORD10127,21/11/2026,Male,6808155185,Bangalore,Karnataka,Printer,Office Equipment,Corporate,Direct Sales,4,12000,0,48000,32852.68,15147.32,Credit Card,Sneha,Cancelled,1,4,Yes,4.9
ORD10128,29/07/2025,Female,9330806782,Trichy,Tamil Nadu,Monitor,Electronics,Small Business,Direct Sales,4,18000,15,61200,55084.06,6115.94,Net Banking,Suresh,Cancelled,3,5,No,3.5
ORD10129,26/04/2026,Female,7777816561,Trichy,Tamil Nadu,Smartphone,Electronics,Consumer,Retail Store,2,32000,20,51200,54753.05,-3553.05,EMI,Karthik,Completed,,9,No,2.9
ORD10130,09/09/2025,Female,9278608906,Delhi,Delhi,Mouse,Accessories,Enterprise,Direct Sales,4,900,8,3312,2724.3,587.7,Net Banking,Karthik,Cancelled,2,3,No,2.6
ORD10131,16/11/2026,Male,9618701993,Chennai,Tamil Nadu,Webcam,Accessories,Corporate,Online,1,3500,20,2800,2881.23,-81.23,EMI,Karthik,Completed,2,9,No,3.1
ORD10132,07/01/2025,Male,6071838242,Madurai,Tamil Nadu,SSD,Storage,Small Business,Distributor,8,6500,15,44200,38328.42,5871.58,UPI,Suresh,Returned,2,2,Yes,3.6
ORD10133,11/02/2026,Female,8426665919,Mumbai,Maharashtra,Mouse,Accessories,Corporate,Retail Store,5,900,20,3600,3172.8,427.2,Debit Card,Priya,Completed,1,7,No,3.1
ORD10134,27/05/2026,Other,9684911471,Chennai,Tamil Nadu,Smartphone,Electronics,Consumer,Online,1,32000,15,27200,21156.23,6043.77,Credit Card,Divya,Returned,3,1,Yes,4.1
ORD10135,19/11/2025,Male,9230908336,Kochi,Kerala,Headset,Accessories,Enterprise,Online,1,2200,3,2134,1854.39,279.61,Debit Card,Karthik,Pending,5,7,No,3.2
ORD10136,26/08/2025,Other,8558119733,Bangalore,Karnataka,Keyboard,Accessories,Enterprise,Distributor,6,1800,0,10800,6949.2,3850.8,UPI,Rahul,Returned,4,4,No,3.7
ORD10137,25/01/2026,Male,9062777850,Coimbatore,Tamil Nadu,Tablet,Electronics,Consumer,Online,3,28000,15,71400,63891.24,7508.76,Debit Card,Karthik,Returned,,11,Yes,4.2
ORD10138,12/11/2025,Male,6569113257,Delhi,Delhi,Printer,Office Equipment,Consumer,Retail Store,2,12000,0,24000,14909.92,9090.08,Net Banking,Meena,Returned,1,1,Yes,3.1
ORD10139,26/10/2025,Other,9870349834,Madurai,Tamil Nadu,Monitor,Electronics,Corporate,Retail Store,6,18000,20,86400,76945.37,9454.63,EMI,Vijay,Pending,2,5,No,2.8
ORD10140,03/11/2025,Female,7059096258,Bangalore,Karnataka,Keyboard,Accessories,Enterprise,Retail Store,3,1800,8,4968,3705.65,1262.35,Net Banking,Priya,Pending,3,1,No,3
ORD10141,29/10/2026,Female,8590772665,Coimbatore,Tamil Nadu,SSD,Storage,Corporate,Direct Sales,6,6500,8,35880,27313.13,8566.87,Debit Card,Karthik,completed,3,5,No,4.9
ORD10142,07/02/2026,Male,8543595727,Delhi,Delhi,Mouse,Accessories,Corporate,Online,7,900,5,5985,5140.54,844.46,EMI,Meena,Pending,4,5,Yes,4.5
ORD10143,16/09/2025, Male ,6317677825,Trichy,Tamil Nadu,Tablet,Electronics,Enterprise,Direct Sales,3,28000,15,71400,58185.11,13214.89,Cash,Vijay,Returned,5,1,No,4.1
ORD10144,05/11/2026,Other,8631431563,Madurai,Tamil Nadu,Webcam,Accessories,,Direct Sales,2,3500,0,7000,5631.84,1368.16,Debit Card,Vijay,Completed,1,2,No,2.7
ORD10145,20/04/2026,Male,7481623643,Kochi,Kerala,Webcam,Accessories,Consumer,Direct Sales,4,3500,8,12880,9937.04,2942.96,UPI,Rahul,Returned,1,2,Yes,3
ORD10146,03/05/2026,Female,6288511612,Trichy,Tamil Nadu,Printer,Office Equipment,Small Business,Online,,12000,10,43200,35323.31,7876.69,EMI,Priya,Completed,3,11,Yes,4
ORD10147,28/07/2026,Female,8704799972,Mumbai,Maharashtra,Keyboard,Accessories,Corporate,Retail Store,3,1800,,4860,3555.54,1304.46,EMI,Vijay,Returned,1,12,Yes,3.3
ORD10148,13/10/2025,Male,9433836469,Coimbatore,Tamil Nadu,Tablet,Electronics,Corporate,Distributor,1,28000,15,23800,18803.43,4996.57,Debit Card,Divya,Returned,1,5,No,3.6
ORD10149,27/04/2025,Other,6741000011,Madurai,Tamil Nadu,Printer,Office Equipment,Small Business,Online,7,12000,10,75600,59993.69,15606.31,EMI,Karthik,Cancelled,1,4,No,2.4
ORD10150,12/08/2026,Female,8729458763,Hyderabad,Telangana,Printer,Office Equipment,Corporate,Retail Store,7,12000,8,77280,64103.94,13176.06,Net Banking,Rahul,Pending,2,6,No,3.9
ORD10151,29/01/2026,Female,8940749808,Chennai,Tamil Nadu,Printer,Office Equipment,corporate,Direct Sales,8,12000,3,93120,64015.76,29104.24,EMI,Meena,Returned,2,2,Yes,4.4
ORD10152,23/10/2025,Other,9318066826,Pune,Maharashtra,Mouse,Accessories,Enterprise,Online,1,900,5,855,606.57,248.43,Cash,Priya,Cancelled,5,6,Yes,4.3
ORD10153,01/11/2026,Female,7128782794,Kochi,Kerala,Smartphone,Electronics,Small Business,Online,4,32000,8,117760,82506.23,35253.77,Net Banking,Priya,Pending,2,12,No,4.6
ORD10154,31/07/2025,Female,8286128610,Coimbatore,Tamil Nadu,SSD,Storage,Small Business,Retail Store,3,6500,10,17550,12741.62,4808.38,Debit Card,Rahul,Cancelled,5,5,Yes,2.4
ORD10155,20/12/2026,Other,7383394833,Chennai,Tamil Nadu,Tablet,Electronics,Corporate,Direct Sales,5,28000,20,112000,108838.11,3161.89,Net Banking,Karthik,completed,,7,No,3.4
ORD10156,13/01/2026,Other,6010621799,Coimbatore,Tamil Nadu,Monitor,Electronics,Consumer,Direct Sales,,18000,15,76500,76024.86,475.14,EMI,Sneha,Completed,5,7,Yes,4.9
ORD10157,12/12/2025,Other,9661127093,Trichy,Tamil Nadu,Mouse,Accessories,Enterprise,Distributor,,900,5,4275,3684.61,590.39,EMI,Arun,Completed,1,11,No,2
ORD10158,15/03/2026,Other,7296502486,Trichy,Tamil Nadu,Keyboard,Accessories,Corporate,Distributor,8,1800,0,14400,12355.79,2044.21,UPI,Sneha,Cancelled,1,6,Yes,2.2
ORD10159,08/04/2025,Male,6569941254,Mumbai,Maharashtra,Headset,Accessories,Corporate,Direct Sales,7,2200,15,13090,9885.07,3204.93,UPI,Arun,Cancelled,1,7,Yes,3.4
ORD10160,16/04/2025,Male,7643774394,Coimbatore,Tamil Nadu,Mouse,Accessories,Corporate,Retail Store,2,900,15,1530,1464.17,65.83,UPI,Suresh,Completed,5,11,Yes,3.3
ORD10161,11/08/2025,Male,8532200677,Hyderabad,Telangana,Mouse,Accessories,Enterprise,Distributor,7,900,10,5670,4944.09,725.91,Net Banking,Sneha,Pending,2,5,Yes,2.7
ORD10162,28/01/2025,Other,8606731065,Madurai,Tamil Nadu,SSD,Storage,Corporate,Direct Sales,5,6500,20,26000,27491.98,-1491.98,Debit Card,Arun,Pending,4,7,Yes,2.7
ORD10163,16/05/2025,Female,8346582107,Bangalore,Karnataka,SSD,Storage,Corporate,Direct Sales,1,6500,5,6175,5486.92,688.08,UPI,Arun,Completed,1,5,Yes,2.1
ORD10164,02/03/2026,Male,8751086697,Coimbatore,Tamil Nadu,Laptop,Electronics,Corporate,Distributor,,55000,15,233750,217533.52,16216.48,UPI,Rahul,Completed,5,4,Yes,3.6
ORD10165,02/09/2025,Female,6498158588,Madurai,Tamil Nadu,Tablet,Electronics,Enterprise,Online,2,28000,5,53200,44110.2,9089.8,Debit Card,Karthik,Completed,1,12,Yes,4.1
ORD10166,23/09/2025,Other,9354901921,Trichy,Tamil Nadu,Keyboard,Accessories,Small Business,Online,6,1800,10,9720,8036.64,1683.36,UPI,Sneha,Returned,3,9,Yes,2.8
ORD10167,26/02/2025,Female,6675641216,Bangalore,Karnataka,SSD,Storage,Small Business,Online,8,6500,8,47840,38614.56,9225.44,Cash,Priya,Pending,,9,Yes,2.1
ORD10168,03/06/2025,Other,9181135507,Mumbai,Maharashtra,Laptop,Electronics,Enterprise,Retail Store,1,55000,105,50600,38904.49,11695.51,Debit Card,Divya,Returned,,6,No,4.5
ORD10169,23/02/2025,Male,7721959126,Delhi,Delhi,SSD,Storage,Consumer,Direct Sales,2,6500,10,11700,10160.78,1539.22,Debit Card,Rahul,Cancelled,1,9,No,2
ORD10170,21/04/2026,M,9145906070,Pune,Maharashtra,Mouse,Accessories,Corporate,Retail Store,5,900,15,3825,3462.53,362.47,UPI,Vijay,Completed,2,9,No,3.9
ORD10171,11/11/2025,Male,7803095297,Delhi,Delhi,Laptop,Electronics,Enterprise,Online,1,55000,20,44000,42776.41,1223.59,Credit Card,Rahul,Completed,1,4,No,4.1
ORD10172,17/05/2025,Other,8438771483,Trichy,Tamil Nadu,Printer,Office Equipment,Consumer,Direct Sales,2,12000,10,21600,15430.52,6169.48,EMI,Karthik,Pending,3,5,No,4.8
ORD10173,18/03/2025,Male,6667483244,Delhi,Delhi,Tablet,Electronics,Consumer,Retail Store,6,28000,8,154560,115125.26,39434.74,Net Banking,Meena,Cancelled,4,2,No,4.9
ORD10174,03/05/2025,Other,8993068140,Trichy,Tamil Nadu,Mouse,Accessories,Consumer,Retail Store,5,900,8,4140,3076.21,1063.79,Debit Card,Karthik,Completed,,4,No,3.2
ORD10175,01/02/2025,Other,8362751242,Pune,Maharashtra,Laptop,Electronics,Corporate,Online,5,55000,20,220000,235884.66,-15884.66,Net Banking,Priya,Pending,1,1,Yes,4.5
ORD10176,04/12/2026,Other,8517360884,Hyderabad,Telangana,Mouse,Accessories,Small Business,Online,4,900,20,2880,2578.1,301.9,UPI,Priya,Pending,,8,Yes,2.3
ORD10177,11/08/2026,Female,6126625486,Chennai ,Karnataka,Printer,Office Equipment,Enterprise,Direct Sales,1,12000,8,11040,7585.84,3454.16,Credit Card,Sneha,Pending,2,5,No,3.3
ORD10178,26/02/2026,Male,7201628712,Chennai,Tamil Nadu,Keyboard,Accessories,Enterprise,Retail Store,4,1800,15,6120,4973.94,1146.06,Net Banking,Divya,Pending,,9,Yes,5
ORD10179,30/05/2026,Male,6111939600,Trichy,Tamil Nadu,Printer,Office Equipment,Small Business,Retail Store,8,12000,5,91200,80548.08,10651.92,UPI,Rahul,Completed,4,9,No,4.3
ORD10180,30/09/2025,Male,8472578783,Hyderabad,Telangana,Mouse,Accessories,Enterprise,Distributor,2,900,3,1746,1399.77,346.23,Credit Card,Karthik,Pending,5,6,No,4.7
ORD10181,20/05/2026,Female,6163053047,Delhi,Delhi,Laptop,Electronics,Consumer,Online,3,55000,10,148500,139855.39,8644.61,Credit Card,Anitha,Pending,1,9,No,2
ORD10182,28/11/2025,Other,12345,Mumbai,Maharashtra,SSD,Storage,Corporate,Online,3,6500,5,18525,15445.27,3079.73,Cash,Sneha,Completed,3,12,No,3.8
ORD10183,24/03/2026,Male,9037327498,Pune,Maharashtra,Printer,Office Equipment,Small Business,Retail Store,6,12000,3,69840,61502.87,8337.13,EMI,Anitha,Pending,4,5,No,2.4
ORD10184,05/08/2026,Female,9955829012,Madurai,Tamil Nadu,Laptop,Electronics,Corporate,Online,7,55000,20,308000,330571.76,-22571.76,Net Banking,Karthik,Cancelled,,2,Yes,3
ORD10185,17/10/2026,Male,7139078760,Hyderabad,Telangana,Printer,Office Equipment,Corporate,Retail Store,2,12000,20,19200,18963.64,236.36,EMI,Priya,Cancelled,3,2,Yes,2.1
ORD10186,23/01/2026,Male,9559698862,Coimbatore,Tamil Nadu,Smartphone,Electronics,Enterprise,Retail Store,3,32000,8,88320,70880.61,17439.39,Credit Card,Meena,Completed,1,5,Yes,3
ORD10187,14/06/2025,Male,7451486688,Bangalore,Karnataka,Monitor,Electronics,Enterprise,Online,6,18000,3,104760,89975.18,14784.82,Net Banking,Karthik,Returned,2,1,Yes,3
ORD10188,01/09/2025,Other,8360783034,Coimbatore,Tamil Nadu,Mouse,Accessories,Enterprise,Retail Store,5,900,15,3825,3094.04,730.96,UPI,Sneha,Completed,4,2,No,4.5
ORD10189,24/06/2025,Female,9623960580,Trichy,Tamil Nadu,SSD,Storage,Consumer,Distributor,4,6500,0,26000,16280.59,9719.41,Net Banking,Meena,Returned,,5,Yes,3.9
ORD10190,02/04/2026,Female,7131297865,Hyderabad,Telangana,Tablet,Electronics,Corporate,Distributor,6,28000,8,154560,119054.28,35505.72,Cash,Arun,Pending,,11,Yes,2.3
ORD10191,21/07/2026,Female,8300016872,Kochi,Kerala,Printer,Office Equipment,Enterprise,Retail Store,7,12000,20,67200,63968.89,3231.11,Net Banking,Rahul,Completed,4,12,Yes,3.5
ORD10192,05/04/2026,Male,6541964762,Madurai,Tamil Nadu,Webcam,Accessories,Consumer,Direct Sales,3,3500,0,10500,8902.12,1597.88,UPI,Vijay,Pending,,3,No,3
ORD10193,30/11/2025,Male,9378209272,Bangalore,Karnataka,Monitor,Electronics,Enterprise,Online,7,18000,10,113400,90136.02,23263.98,Net Banking,Karthik,Pending,5,10,Yes,4.8
ORD10194,19/12/2025,Other,8085570788,Bangalore,Karnataka,SSD,Storage,Enterprise,Online,5,6500,20,26000,24327.94,1672.06,Credit Card,Rahul,Returned,2,10,No,2.1
ORD10195,03/10/2025,Female,7335517080,Mumbai,Maharashtra,Printer,Office Equipment,Small Business,Direct Sales,1,12000,15,10200,8808.63,1391.37,EMI,Priya,Pending,2,5,No,4.3
ORD10196,12/07/2025,Other,8080741273,Pune,Maharashtra,Printer,Office Equipment,Small Business,Online,7,12000,10,75600,65094.38,10505.62,Cash,Karthik,Completed,3,12,No,2.4
ORD10197,25/07/2025,Female,6217150457,Madurai,Tamil Nadu,Webcam,Accessories,Small Business,Retail Store,1,3500,3,3395,2331.92,1063.08,Debit Card,Sneha,Returned,5,7,Yes,4
ORD10198,01/05/2026,Female,6702285630,Delhi,Delhi,Mouse,Accessories,Small Business,Online,8,900,10,6480,5234.87,1245.13,Debit Card,Arun,Returned,1,3,Yes,4.6
ORD10199,21/01/2025,Male,8780439666,Mumbai,Maharashtra,Mouse,Accessories,Corporate,Online,5,900,15,3825,3232.27,592.73,Credit Card,Rahul,Cancelled,,12,No,3.3
ORD10200,06/11/2025,Female,8510353238,Delhi,Delhi,Tablet,Electronics,Consumer,Online,8,28000,5,212800,150610.92,62189.08,Cash,Sneha,Cancelled,3,11,Yes,3.4
ORD10201,03/11/2026,Male,6643941414,Pune,Maharashtra,Printer,Office Equipment,Corporate,Online,6,12000,20,57600,49424.57,8175.43,Cash,Vijay,Cancelled,,3,Yes,4
ORD10202,06/02/2025,Male,7473891248,Pune,Maharashtra,Headset,Accessories,Corporate,Direct Sales,7,2200,8,14168,10983.06,3184.94,EMI,Sneha,Cancelled,2,11,Yes,2.9
ORD10203,07/07/2025,Male,7525930586,Hyderabad,Telangana,Smartphone,Electronics,Corporate,Distributor,5,32000,15,136000,130240.4,5759.6,Net Banking,Sneha,Cancelled,3,10,No,3.4
ORD10204,18/08/2026,Male,8149533961,Bangalore,Tamil Nadu,Monitor,Electronics,Consumer,Direct Sales,1,18000,20,14400,13900.59,499.41,Cash,Rahul,Returned,1,3,Yes,5
ORD10205,04/07/2025,Other,6759454456,Coimbatore,Tamil Nadu,Printer,Office Equipment,Small Business,Online,8,12000,3,93120,66809.47,26310.53,UPI,Meena,Cancelled,2,3,Yes,3.5
ORD10206,16/03/2026,Male,8292578829,Hyderabad,Telangana,Monitor,Electronics,Corporate,Distributor,7,18000,15,107100,91105.35,15994.65,UPI,Sneha,Pending,1,11,Yes,3.9
ORD10207,28/01/2026,Male,6280405602,Mumbai,Maharashtra,Mouse,Accessories,Consumer,Distributor,6,900,5,5130,3515.09,1614.91,Debit Card,Meena,Cancelled,4,11,Yes,3
ORD10208,18/02/2026,Other,6563524533,Delhi,Delhi,Smartphone,Electronics,Corporate,Online,4,32000,3,124160,108485.15,15674.85,Cash,Suresh,Pending,1,6,Yes,3.1
ORD10209,09/11/2026,Male,8962452613,Kochi,Kerala,Headset,Accessories,Consumer,Direct Sales,1,2200,10,1980,1889.19,90.81,Net Banking,Vijay,Completed,5,5,No,4.1
ORD10210,10/11/2026,Other,9009596757,Chennai,Tamil Nadu,Mouse,Accessories,Corporate,Direct Sales,5,900,8,4140,3504.6,635.4,UPI,Suresh,Completed,3,2,Yes,3.5
ORD10211,26/07/2025,Female,6688799369,Mumbai,Maharashtra,SSD,Storage,Consumer,Direct Sales,5,6500,20,26000,24230.54,1769.46,Credit Card,Meena,Cancelled,2,1,Yes,4
ORD10212,08/06/2026,Female,8767405445,Madurai,Tamil Nadu,Monitor,Electronics,Corporate,Direct Sales,8,18000,3,139680,122092.85,17587.15,Debit Card,Rahul,Returned,1,2,Yes,4.6
ORD10213,08/04/2025,Other,8779696951,Delhi,Delhi,Headset,Accessories,Corporate,Distributor,6,2200,8,12144,10523.7,1620.3,Debit Card,Meena,Cancelled,,2,No,4.4
ORD10214,06/10/2025,Female,8786774414,Bangalore,Karnataka,Keyboard,Accessories,Corporate,Online,7,1800,8,11592,10722.03,869.97,Credit Card,Arun,Pending,1,7,No,4.4
ORD10215,30/01/2025,Female,9953079243,Hyderabad,Telangana,Smartphone,Electronics,Enterprise,Online,7,32000,20,179200,158158.28,21041.72,Net Banking,Meena,Completed,1,5,No,2
ORD10216,16/06/2026,Male,7859067602,Madurai,Tamil Nadu,Webcam,Accessories,Corporate,Direct Sales,4,3500,15,11900,11613.76,286.24,Debit Card,Vijay,Pending,5,10,Yes,2
ORD10217,19/06/2025,Male,7421182517,Kochi,Kerala,Keyboard,Accessories,Small Business,Online,8,1800,20,11520,10641.61,878.39,Cash,Divya,Returned,4,4,Yes,3.4
ORD10218,20/11/2025,Male,7732760138,Trichy,Tamil Nadu,SSD,Storage,Enterprise,Online,2,6500,20,10400,9615.18,784.82,Cash,Suresh,Completed,1,10,No,4.7
ORD10219,25/02/2025,Other,9296028351,Mumbai,Maharashtra,Webcam,Accessories,Enterprise,Distributor,8,3500,5,26600,19801.66,6798.34,EMI,Meena,Completed,1,11,Yes,2
ORD10220,18/06/2025,F,7092164263,Pune,Maharashtra,Printer,Office Equipment,Corporate,Retail Store,6,12000,15,61200,46477.25,14722.75,UPI,Vijay,Pending,4,4,No,2.3
ORD10221,14/04/2026,Male,8142452709,Chennai,Tamil Nadu,Tablet,Electronics,Consumer,Online,2,28000,20,44800,46705.18,-1905.18,Cash,Vijay,Returned,5,3,Yes,4.2
ORD10222,26/11/2025,Other,9933804513,Bangalore,Karnataka,Keyboard,Accessories,Corporate,Distributor,7,1800,15,10710,9628.05,1081.95,Net Banking,Sneha,Cancelled,4,3,Yes,3.2
ORD10223,21/07/2026,Male,8680779364,Pune,Maharashtra,Webcam,Accessories,Small Business,Distributor,6,3500,15,17850,16733.57,1116.43,EMI,Karthik,Pending,5,9,No,4.1
ORD10224,15/11/2026,Female,9768736001,Kochi,Kerala,Printer,Office Equipment,Enterprise,Online,8,12000,10,86400,72667.5,13732.5,Cash,Priya,Completed,4,3,Yes,4
ORD10225,30/05/2025,Male,9236661365,Pune,Maharashtra,Mouse,Accessories,Consumer,Distributor,3,900,5,2565,2116.84,448.16,Net Banking,Priya,Pending,,11,No,2.7
ORD10226,03/12/2026,Male,9194038184,Chennai,Tamil Nadu,Headset,Accessories,Small Business,Retail Store,7,2200,8,14168,11087.63,3080.37,Cash,Meena,Pending,,12,No,4.3
ORD10227,18/07/2025,Other,6319841893,Madurai,Tamil Nadu,Webcam,Accessories,Corporate,Retail Store,4,3500,20,11200,11115.71,84.29,EMI,Suresh,Completed,4,1,No,2.8
ORD10228,06/01/2025,Male,6660150996,Hyderabad,Telangana,Headset,Accessories,Small Business,Online,3,2200,10,,5432.09,507.91,EMI,Anitha,Cancelled,4,10,No,2.2
ORD10229,02/06/2026,Other,7732663107,Kochi,Kerala,Printer,Office Equipment,Consumer,Distributor,4,12000,3,46560,35757.38,10802.62,Credit Card,Divya,Cancelled,3,6,No,2.7
ORD10230,27/10/2026,Female,7032286260,Bangalore,Kerala,SSD,Storage,Corporate,Online,8,6500,10,46800,42519.63,4280.37,EMI,Sneha,Returned,1,7,No,3.6
ORD10231,02/04/2026,Other,6826834424,Chennai,Tamil Nadu,Headset,Accessories,Small Business,Online,6,2200,10,11880,10727.32,1152.68,UPI,Karthik,Completed,,2,Yes,4
ORD10232,21/12/2026,Other,8946534590,Coimbatore,Tamil Nadu,Mouse,Accessories,Corporate,Online,2,900,3,1746,1348.31,397.69,Net Banking,Sneha,Completed,1,2,Yes,2.5
ORD10233,22/09/2025,Other,7737091024,Kochi,Kerala,Headset,Accessories,Enterprise,Distributor,2,2200,10,3960,3595.63,364.37,UPI,Vijay,Completed,5,1,Yes,4.3
ORD10234,19/04/2025,Other,6371537098,Chennai,Tamil Nadu,SSD,Storage,Small Business,Direct Sales,2,6500,5,,10955.51,1394.49,Net Banking,Vijay,Completed,4,3,Yes,2.4
ORD10235,25/11/2026,Male,8377368257,Kochi,Kerala,Tablet,Electronics,Corporate,Online,5,28000,15,119000,91640.94,27359.06,UPI,Arun,Returned,5,9,Yes,2.9
ORD10236,26/05/2025,Other,9585216937,Mumbai,Maharashtra,Printer,Office Equipment,Small Business,Retail Store,7,12000,15,71400,69245.41,2154.59,UPI,Karthik,Completed,5,8,Yes,2.9
ORD10237,14/05/2026,Other,8815235019,Pune,Maharashtra,Monitor,Electronics,Corporate,Online,2,18000,3,34920,28589.09,6330.91,Debit Card,Anitha,Completed,2,6,No,3.4
ORD10238,20/11/2025,Female,7057314172,Pune,Maharashtra,SSD,Storage,Corporate,Direct Sales,3,6500,10,17550,14742.91,2807.09,Debit Card,Sneha,Pending,,12,No,4.6
ORD10239,19/07/2026,Male,9615473387,Trichy,Tamil Nadu,Smartphone,Electronics,Small Business,Retail Store,6,32000,20,153600,133116.14,20483.86,Cash,Divya,Cancelled,,11,Yes,4.2
ORD10240,19/02/2026,Other,7119338568,Kochi,Kerala,Laptop,Electronics,Enterprise,Retail Store,1,55000,20,44000,41780.95,2219.05,Debit Card,Vijay,Pending,5,12,No,2.4
ORD10241,11/01/2025,Other,6712292620,Kochi,Kerala,Webcam,Accessories,Corporate,Direct Sales,2,3500,8,6440,4951.29,1488.71,Credit Card,Karthik,Pending,,12,No,4.8
ORD10242,14/01/2026,Other,9898653873,Mumbai,Maharashtra,Laptop,Electronics,Small Business,Direct Sales,8,55000,3,426800,279438.14,147361.86,Net Banking,Meena,Completed,1,11,No,2.3
ORD10243,28/06/2025,Female,8524061336,Pune,Maharashtra,Webcam,Accessories,Consumer,Distributor,5,3500,10,15750,13136.27,2613.73,Net Banking,Divya,Returned,3,6,No,4.4
ORD10244,20/03/2025,Male,6645277642,Chennai,Tamil Nadu,SSD,Storage,Corporate,Retail Store,3,6500,8,17940,12865.04,5074.96,Debit Card,Anitha,Completed,,4,No,4.4
ORD10245,15/06/2025,Male,6185303518,Trichy,Tamil Nadu,Monitor,Electronics,Corporate,Retail Store,8,18000,8,132480,96561.93,35918.07,Credit Card,Suresh,Completed,5,3,Yes,2.5
ORD10246,15/10/2026,Male,6930261655,Kochi,Kerala,Keyboard,Accessories,Enterprise,Direct Sales,7,1800,10,11340,10742.99,597.01,Net Banking,Karthik,Pending,4,10,Yes,4.4
ORD10247,17/12/2025,Male,6987042690,Madurai,Tamil Nadu,Keyboard,Accessories,Enterprise,Direct Sales,5,1800,3,8730,7144.24,1585.76,Credit Card,Priya,Completed,2,9,No,4.5
ORD10248,07/09/2026,Male,6400247855,Bangalore,Karnataka,SSD,Storage,Enterprise,Retail Store,3,6500,8,17940,16309.53,1630.47,Cash,Suresh,Completed,,11,No,3.6
ORD10249,09/05/2026,Other,9899224188,Chennai,Tamil Nadu,Printer,Office Equipment,Consumer,Direct Sales,7,12000,3,81480,70998.58,10481.42,Credit Card,Rahul,Returned,,2,No,3.8
ORD10250,08/01/2025,Other,6030898225,Coimbatore,Tamil Nadu,Webcam,Accessories,Enterprise,Retail Store,5,3500,3,16975,10872.97,6102.03,EMI,Sneha,Returned,3,2,Yes,3.3
ORD10251,02/08/2026,Other,7707052548,Pune,Maharashtra,SSD,Storage,Corporate,Direct Sales,5,6500,20,26000,24331.62,1668.38,Cash,Suresh,Returned,2,6,No,2.8
ORD10252,22/05/2025,Female,9363428658,Madurai,Tamil Nadu,Headset,Accessories,Corporate,Online,6,2200,20,10560,10419.01,140.99,Credit Card,Suresh,Returned,3,9,Yes,2.5
ORD10253,22/03/2026,Male,7592724766,Bangalore,Karnataka,Laptop,Electronics,Consumer,Online,3,55000,8,151800,138964.13,12835.87,EMI,Vijay,Returned,5,11,No,4.1
ORD10254,11/01/2025,Female,6836429847,Chennai,Tamil Nadu,SSD,Storage,Consumer,Retail Store,3,6500,15,16575,14403.64,2171.36,Cash,Karthik,Completed,3,4,Yes,4.9
ORD10255,20/02/2026,Male,9876543210,Pune,Maharashtra,Monitor,Electronics,Consumer,Online,7,18000,5,119700,98370.58,21329.42,Cash,Rahul,Cancelled,3,5,Yes,3.8
ORD10256,29/06/2025,Other,6310895379,Bengaluru,Tamil Nadu,Mouse,Accessories,Small Business,Distributor,7,900,10,5670,3913.03,1756.97,UPI,Suresh,Cancelled,5,10,No,4.1
ORD10257,14/12/2025,Other,9702361794,Madurai,Tamil Nadu,Tablet,Electronics,Consumer,Direct Sales,8,28000,20,179200,151958.37,27241.63,UPI,Rahul,Completed,4,11,Yes,4
ORD10258,10/01/2025,Female,6399472479,Delhi,Delhi,Mouse,Accessories,Enterprise,Distributor,7,900,5,5985,4686.95,1298.05,UPI,Suresh,Pending,4,6,No,2.7
ORD10259,14/07/2025,Male,9158643786,Pune,Maharashtra,SSD,Storage,Corporate,Distributor,3,6500,15,16575,15286.94,1288.06,Credit Card,Divya,Pending,2,10,No,2.5
ORD10260,20/05/2026,Male,9642177784,Bangalore,Karnataka,Monitor,Electronics,Enterprise,Distributor,2,18000,15,30600,30577.94,22.06,Cash,Sneha,Returned,5,5,No,2.5
ORD10261,12/05/2025,Female,8322580659,Pune,Maharashtra,Webcam,Accessories,Consumer,Distributor,7,3500,3,23765,19601,4164,Net Banking,Karthik,Returned,1,12,No,2.9
ORD10262,30/11/2025,Male,8356061869,Bengaluru,Tamil Nadu,Laptop,Electronics,Small Business,Retail Store,4,55000,8,202400,167077.23,35322.77,Debit Card,Meena,Cancelled,3,3,No,3.3
ORD10263,07/04/2026,Other,8946398734,Delhi,Delhi,Tablet,Electronics,Corporate,Online,6,28000,20,134400,120311.89,14088.11,EMI,Rahul,Pending,5,7,No,2.6
ORD10264,18/05/2025,Other,7356038189,Trichy,Tamil Nadu,Keyboard,Accessories,Enterprise,Distributor,1,1800,3,1746,1298.1,447.9,Debit Card,Suresh,Completed,4,2,Yes,2.2
ORD10265,24/09/2025,Other,9478991743,Trichy,Tamil Nadu,Headset,Accessories,Small Business,Distributor,2,2200,8,4048,3514.29,533.71,UPI,Vijay,completed,3,11,Yes,3.7
ORD10266,07/06/2026,Male,7636687473,Hyderabad,Telangana,Webcam,Accessories,Small Business,Direct Sales,5,3500,5,16625,12215.38,4409.62,EMI,Karthik,Pending,,6,No,3.9
ORD10267,22/08/2025,Other,7148785172,Coimbatore,Tamil Nadu,SSD,Storage,Enterprise,Distributor,2,6500,0,13000,8565.44,4434.56,Net Banking,Sneha,Returned,4,3,Yes,4.6
ORD10268,23/03/2025,Male,6410400118,Mumbai,Maharashtra,Keyboard,Accessories,Consumer,Direct Sales,5,1800,15,7650,7093.51,556.49,Cash,Arun,Completed,4,9,Yes,2.3
ORD10269,04/02/2026,Other,7220523522,Hyderabad,Telangana,SSD,Storage,Enterprise,Retail Store,2,6500,15,11050,10966.56,83.44,Credit Card,Suresh,Pending,1,1,No,4.6
ORD10270,06/10/2025,Other,8316222488,Trichy,Tamil Nadu,Printer,Office Equipment,Corporate,Direct Sales,8,12000,20,76800,71975.06,4824.94,EMI,Anitha,Returned,5,11,No,4.7
ORD10271,12/11/2025,,7303835765,Kochi,Kerala,Smartphone,Electronics,Consumer,Online,4,32000,20,102400,82111.1,20288.9,Cash,Karthik,Cancelled,3,8,Yes,4.1
ORD10272,27/10/2025,Other,7604788242,Trichy,Tamil Nadu,Smartphone,Electronics,Corporate,Direct Sales,5,32000,0,160000,128609.38,31390.62,Cash,Vijay,Returned,2,3,No,4.5
ORD10273,14/06/2026,Female,8785101763,Pune,Maharashtra,Mouse,Accessories,Small Business,Direct Sales,2,900,8,,1386.14,269.86,Credit Card,Priya,Pending,2,5,Yes,3.9
ORD10274,12/07/2025,Male,8297681898,Trichy,Tamil Nadu,SSD,Storage,Consumer,Retail Store,5,6500,15,27625,25007.48,2617.52,UPI,Rahul,Cancelled,2,12,No,4.2
ORD10275,17/12/2025,Female,7991509618,Bangalore,Karnataka,Mouse,Accessories,Consumer,Distributor,3,900,0,2700,1993.84,706.16,UPI,Karthik,Completed,3,7,Yes,3.6
ORD10276,13/01/2025,Female,9312387558,Mumbai,Maharashtra,Keyboard,Accessories,Enterprise,Retail Store,5,1800,20,7200,6404.21,795.79,EMI,Arun,Pending,4,12,Yes,3.6
ORD10277,27/11/2025,Other,8360427902,Trichy,Tamil Nadu,Mouse,Accessories,Consumer,Distributor,7,900,15,5355,5359.36,-4.36,Net Banking,Rahul,Pending,3,1,Yes,4.9
ORD10278,10/10/2025,Male,6038353417,Coimbatore,Tamil Nadu,Mouse,Accessories,Consumer,Direct Sales,6,900,0,5400,3564.9,1835.1,EMI,Anitha,Pending,3,2,Yes,2.5
ORD10279,03/03/2025,Other,8303619991,Madurai,Tamil Nadu,Monitor,Electronics,Consumer,Retail Store,6,18000,20,86400,83163.43,3236.57,Net Banking,Divya,Cancelled,5,11,No,4.4
ORD10280,18/05/2025,Other,7879048201,Mumbai,Maharashtra,Smartphone,Electronics,Small Business,Direct Sales,1,32000,15,27200,22741.27,4458.73,Credit Card,Anitha,Pending,5,6,No,4.2
ORD10281,06/04/2026,Female,7950254385,Madurai,Tamil Nadu,Headset,Accessories,Consumer,Direct Sales,3,2200,0,6600,4933.32,1666.68,EMI,Karthik,Completed,5,6,Yes,3
ORD10282,25/05/2026,Female,7385556630,Kochi,Kerala,Monitor,Electronics,Enterprise,Distributor,7,18000,3,122220,93967.87,28252.13,UPI,Priya,Completed,,3,Yes,4.6
ORD10283,08/08/2026,Other,8679932830,Bangalore,Karnataka,Mouse,Accessories,Small Business,Online,8,900,3,6984,4634.65,2349.35,Debit Card,Divya,Completed,1,4,No,4.8
ORD10284,02/03/2026,Other,7141669467,Trichy,Tamil Nadu,Monitor,Electronics,Consumer,Online,1,18000,5,17100,13570.65,3529.35,Debit Card,Priya,Pending,5,2,Yes,4.2
ORD10285,12/09/2025,Other,9217765256,Coimbatore,Tamil Nadu,Webcam,Accessories,Enterprise,Online,4,3500,3,13580,10448.01,3131.99,EMI,Anitha,Cancelled,,8,No,4.6
ORD10286,11/06/2025,Female,9876143443,Hyderabad,Telangana,Keyboard,Accessories,Small Business,Distributor,7,1800,10,11340,8832.64,2507.36,Debit Card,Vijay,Returned,,6,Yes,3.7
ORD10287,04/04/2026,Female,8558781873,Coimbatore,Tamil Nadu,Mouse,Accessories,Consumer,Retail Store,5,900,5,4275,3828.58,446.42,Debit Card,Arun,Cancelled,2,4,No,2.1
ORD10288,31/12/2025,Female,9820911776,Kochi,Kerala,Headset,Accessories,Corporate,Retail Store,3,2200,0,6600,4151.77,2448.23,Debit Card,Rahul,Completed,5,7,Yes,4.2
ORD10289,08/12/2026,Other,8758462618,Trichy,Tamil Nadu,Printer,Office Equipment,Small Business,Online,3,12000,8,33120,29454.09,3665.91,EMI,Anitha,Returned,1,1,No,3
ORD10290,31/10/2026,Male,7309034704,Coimbatore,Tamil Nadu,Tablet,Electronics,Consumer,Distributor,2,28000,20,44800,45074.04,-274.04,Cash,Anitha,Pending,3,9,Yes,2.5
ORD10291,08/02/2026,Male,9876543210,Trichy,Tamil Nadu,Tablet,Electronics,Consumer,Direct Sales,2,28000,3,54320,40525.22,13794.78,Debit Card,Priya,Returned,5,7,Yes,4.3
ORD10292,09/08/2026,Other,8251627092,Kochi,Kerala,Smartphone,Electronics,Corporate,Retail Store,4,32000,8,117760,91504.19,26255.81,UPI,Rahul,Returned,3,11,Yes,2.3
ORD10293,19/12/2025,Female,6726945805,Coimbatore,Tamil Nadu,Tablet,Electronics,Small Business,Direct Sales,6,28000,5,159600,111840.55,47759.45,Cash,Karthik,Returned,1,4,Yes,4.1
ORD10294,28/09/2026,Female,8979827806,Bangalore,Karnataka,Keyboard,Accessories,Consumer,Distributor,2,1800,15,3060,2279.12,780.88,Net Banking,Meena,Completed,3,4,Yes,2.6
ORD10295,25/05/2025,Female,8503987156,Pune,Maharashtra,Webcam,Accessories,Consumer,Distributor,8,3500,10,25200,22265.09,2934.91,Credit Card,Arun,Cancelled,2,12,No,2.2
ORD10296,07/11/2026,Female,9725499475,Bangalore,Karnataka,Laptop,Electronics,Enterprise,Retail Store,7,55000,15,327250,263769.08,63480.92,Net Banking,Suresh,Completed,3,8,Yes,2.6
ORD10297,27/06/2026,Female,9197133819,Trichy,Tamil Nadu,Webcam,Accessories,Corporate,Online,1,3500,0,3500,2377.81,1122.19,Debit Card,Sneha,Cancelled,,5,Yes,5
ORD10298,01/02/2026,Male,6651581691,Pune,Maharashtra,Webcam,Accessories,Small Business,Direct Sales,1,3500,15,2975,2386.45,588.55,EMI,Karthik,Completed,,7,Yes,3.3
ORD10299,04/12/2025,Male,8802348672,Hyderabad,Telangana,SSD,Storage,Corporate,Retail Store,7,6500,5,43225,38144.31,5080.69,Credit Card,Rahul,Pending,4,3,Yes,3
ORD10300,30/05/2025,Female,7766312876,Kochi,Kerala,Webcam,Accessories,Small Business,Direct Sales,2,3500,3,6790,4873.56,1916.44,EMI,Rahul,Pending,2,2,Yes,2.6
ORD10301,25/08/2025,Other,6112032032,Madurai,Tamil Nadu,SSD,Storage,Small Business,Online,5,6500,10,29250,24572.94,4677.06,EMI,Meena,Pending,5,10,No,4.1
ORD10302,17/06/2025,Female,9283669369,Hyderabad,Telangana,Printer,Office Equipment,Consumer,Distributor,7,12000,8,77280,61632.75,15647.25,Net Banking,Divya,Pending,2,2,Yes,4.8
ORD10303,14/04/2026,Male,8611039285,Madurai,Tamil Nadu,Smartphone,Electronics,Enterprise,Distributor,8,32000,15,217600,178681.59,38918.41,Net Banking,Anitha,Completed,5,2,No,3.4
ORD10304,01/02/2026,Male,7250605847,Mumbai,Maharashtra,Laptop,Electronics,Enterprise,Direct Sales,7,55000,15,327250,242326.85,84923.15,Debit Card,Rahul,Returned,2,7,No,3.8
ORD10305,08/04/2026,Male,6772112249,chennai,Kerala,Laptop,Electronics,Corporate,Direct Sales,3,55000,8,151800,135163.78,16636.22,Net Banking,Sneha,Returned,1,3,No,3.8
ORD10306,27/10/2026,Male,6490334658,Trichy,Tamil Nadu,Mouse,Accessories,Enterprise,Distributor,2,900,5,1710,1256,454,UPI,Suresh,Returned,,9,Yes,3.1
ORD10307,07/11/2026,Male,9303503289,Chennai,Tamil Nadu,Tablet,Electronics,Consumer,Direct Sales,3,28000,5,79800,63480.31,16319.69,Debit Card,Rahul,Returned,3,11,Yes,2.4
ORD10308,13/01/2025,Other,9467990956,Mumbai,Maharashtra,Keyboard,Accessories,Consumer,Direct Sales,1,1800,10,1620,1446.65,173.35,Credit Card,Divya,Returned,4,7,No,2.2
ORD10309,06/10/2026,Male,6636755414,Chennai,Tamil Nadu,SSD,Storage,Consumer,Distributor,4,6500,10,23400,17855.42,5544.58,UPI,Karthik,Completed,,10,No,3
ORD10310,15/06/2025,Other,8970028366,Chennai,Tamil Nadu,Monitor,Electronics,Corporate,Direct Sales,2,18000,8,33120,30905.87,2214.13,EMI,Anitha,Cancelled,1,2,No,3
ORD10311,27/10/2025,Other,9691129007,Bangalore,Karnataka,Tablet,Electronics,Small Business,Distributor,7,28000,20,156800,147414.16,9385.84,Cash,Vijay,Pending,,4,Yes,2.3
ORD10312,25/12/2026,Female,7115231376,Bangalore,Karnataka,Webcam,Accessories,Small Business,Retail Store,8,3500,15,23800,21987.76,1812.24,Cash,Anitha,Returned,5,12,No,3.5
ORD10313,18/07/2025,Female,8686333429,Madurai,Tamil Nadu,Keyboard,Accessories,Consumer,Retail Store,4,1800,15,6120,4965.96,1154.04,Cash,Vijay,Returned,1,6,No,3.7
ORD10314,11/03/2025,Other,7391242279,Chennai,Tamil Nadu,Mouse,Accessories,Consumer,Online,4,900,15,3060,2475.33,584.67,EMI,Sneha,Cancelled,4,12,Yes,4.5
ORD10315,01/05/2026,Female,6667379034,Delhi,Delhi,Mouse,Accessories,Enterprise,Distributor,6,900,15,4590,3968.92,621.08,Net Banking,Vijay,Completed,5,5,No,3.7
ORD10316,29/12/2025,Male,7456648525,Mumbai,Maharashtra,Laptop,Electronics,Enterprise,Retail Store,6,55000,20,264000,277161.97,-13161.97,Cash,Anitha,Returned,2,10,Yes,4.6
ORD10317,24/05/2026,Female,6928313711,Delhi,Delhi,Headset,Accessories,Small Business,Retail Store,1,2200,5,2090,1582.52,507.48,UPI,Sneha,Completed,2,2,No,3.5
ORD10318,11/05/2026,Female,6615447530,Kochi,Kerala,Smartphone,Electronics,Consumer,Retail Store,3,32000,3,93120,67356.27,25763.73,Credit Card,Arun,Returned,4,12,Yes,2
ORD10319,17/02/2025,Male,8480600589,Madurai,Tamil Nadu,Laptop,Electronics,Small Business,Retail Store,2,55000,5,104500,80525.52,23974.48,Debit Card,Divya,Pending,3,5,No,4.3
ORD10320,16/01/2025,Male,6887243074,Pune,Maharashtra,Monitor,Electronics,Small Business,Distributor,,18000,3,52380,37026.33,15353.67,Debit Card,Karthik,Cancelled,5,4,Yes,2.2
ORD10321,28/04/2026,Female,6231068718,Delhi,Delhi,SSD,Storage,Consumer,Direct Sales,8,6500,0,52000,33863.32,18136.68,Net Banking,Karthik,Returned,5,6,No,3
ORD10322,05/08/2026,Male,7956719117,Kochi,Kerala,Mouse,Accessories,Small Business,Direct Sales,2,900,20,1440,1446.23,-6.23,Net Banking,Divya,Pending,2,10,No,4.7
ORD10323,29/11/2025,Male,8041545544,Bangalore,Telangana,Tablet,Electronics,Consumer,Distributor,6,28000,20,134400,138867.12,-4467.12,Net Banking,Meena,Pending,3,6,Yes,3.5
ORD10324,06/11/2025,Other,7775719463,Bangalore,Karnataka,Tablet,Electronics,Corporate,Retail Store,6,28000,10,151200,130345.88,20854.12,Cash,Karthik,Returned,4,2,No,2.6
ORD10325,12/07/2026,Other,8875932424,Bangalore,Tamil Nadu,SSD,Storage,Consumer,Direct Sales,7,6500,10,40950,36807.61,4142.39,UPI,Anitha,Returned,3,9,Yes,4.5
ORD10326,03/12/2026,Female,8770207149,Pune,Maharashtra,Keyboard,Accessories,Consumer,Online,7,1800,0,12600,9621.14,2978.86,Credit Card,Karthik,Completed,2,11,Yes,3.4
ORD10327,21/11/2025,Female,9082889804,Coimbatore,Tamil Nadu,Headset,Accessories,Small Business,Online,8,2200,3,17072,11780.71,5291.29,Cash,Arun,Returned,2,5,Yes,3.1
ORD10328,03/01/2026,Male,7854203954,Chennai,Tamil Nadu,Webcam,Accessories,Enterprise,Distributor,1,3500,15,2975,2640.43,334.57,EMI,Vijay,Returned,4,7,Yes,4
ORD10329,04/01/2026,Other,6539229515,Hyderabad,Telangana,Smartphone,Electronics,Corporate,Online,4,32000,10,115200,91174.76,24025.24,UPI,Arun,Pending,,8,No,4.9
ORD10330,12/04/2026,Other,6772223853,Bangalore,Karnataka,Keyboard,Accessories,Enterprise,Direct Sales,3,1800,15,4590,4392.5,197.5,Cash,Meena,Returned,3,4,Yes,3.3
ORD10331,31/12/2026,Other,8475414520,Madurai,Tamil Nadu,Laptop,Electronics,Small Business,Online,8,55000,20,352000,349984.45,2015.55,UPI,Anitha,Returned,,6,Yes,3.7
ORD10332,20/06/2026,Female,8708676312,Hyderabad,Telangana,Monitor,Electronics,Consumer,Distributor,5,18000,8,82800,66966.11,15833.89,Cash,Arun,Cancelled,5,1,No,3.4
ORD10333,29/10/2025,Other,9963672922,Madurai,Tamil Nadu,Smartphone,Electronics,Small Business,Distributor,6,32000,8,176640,135302.3,41337.7,UPI,Meena,Pending,5,1,No,4.4
ORD10334,02/06/2026,Male,8644831247,Chennai,Tamil Nadu,SSD,Storage,Small Business,Distributor,5,6500,8,29900,20793.58,9106.42,Debit Card,Arun,Completed,5,3,Yes,4
ORD10335,12/05/2026,Female,6362501515,Hyderabad,Telangana,Printer,Office Equipment,Corporate,Retail Store,5,12000,20,48000,47291.16,708.84,Net Banking,Vijay,Returned,2,11,No,4.2
ORD10336,29/04/2025,Female,8045400609,Mumbai,Maharashtra,Keyboard,Accessories,Small Business,Direct Sales,6,1800,0,10800,8360.74,2439.26,EMI,Suresh,Pending,4,11,No,3.4
ORD10337,05/04/2026,Other,8932931415,Kochi,Kerala,Keyboard,Accessories,Consumer,Online,7,1800,0,12600,8685.31,3914.69,Cash,Sneha,Returned,5,11,No,3
ORD10338,18/04/2026,Other,8885744937,Bangalore,Karnataka,Headset,Accessories,Corporate,Distributor,5,2200,15,9350,8362.23,987.77,EMI,Karthik,Cancelled,5,1,Yes,4.5
ORD10339,02/04/2026,Female,6829270292,Coimbatore,Tamil Nadu,Laptop,Electronics,Consumer,Online,2,55000,10,99000,70943.15,28056.85,Cash,Priya,Completed,5,11,Yes,4.9
ORD10340,20/01/2026,Male,9848297723,Bangalore,Karnataka,Monitor,Electronics,Consumer,Retail Store,2,18000,20,28800,27544.49,1255.51,Debit Card,Rahul,Returned,,2,No,4.8
ORD10341,17/03/2025,Female,7428741189,Coimbatore,Tamil Nadu,Headset,Accessories,Consumer,Distributor,6,2200,5,12540,8697.11,3842.89,Debit Card,Karthik,Returned,1,8,Yes,3.8
ORD10342,18/03/2026,Female,9072620983,Trichy,Tamil Nadu,Keyboard,Accessories,Small Business,Online,2,1800,3,3492,2699.11,792.89,UPI,Priya,Completed,5,12,No,4.3
ORD10343,08/02/2025,Male,9006714179,Trichy,Tamil Nadu,Laptop,Electronics,Small Business,Direct Sales,3,55000,15,140250,127657.28,12592.72,Cash,Arun,Returned,4,7,No,4.5
ORD10344,07/12/2026,Other,7541542479,Kochi,Kerala,Monitor,Electronics,Small Business,Distributor,4,18000,0,72000,51282.84,20717.16,Net Banking,Arun,Completed,3,9,No,2.2
ORD10345,29/01/2026,Other,7675487027,Pune,Maharashtra,Smartphone,Electronics,Consumer,Distributor,4,32000,3,124160,96393.49,27766.51,Net Banking,Priya,Returned,,4,Yes,2.1
ORD10346,08/07/2026,Other,9583077705,Madurai,Tamil Nadu,Laptop,Electronics,Enterprise,Online,4,55000,8,202400,156926.93,45473.07,UPI,Sneha,Completed,3,12,Yes,3.2
ORD10347,04/07/2026,Male,9972053670,Kochi,Kerala,Mouse,Accessories,Consumer,Online,,900,15,6120,5967.71,152.29,EMI,Karthik,Returned,,1,No,4.7
ORD10348,15/01/2025,Female,9525048115,Chennai,Tamil Nadu,SSD,Storage,Consumer,Direct Sales,4,6500,15,22100,20168.43,1931.57,Cash,Karthik,Completed,1,2,No,3.8
ORD10349,12/12/2025,Female,6518842513,Mumbai,Maharashtra,SSD,Storage,Corporate,Distributor,2,6500,20,10400,8692.24,1707.76,Credit Card,Arun,Pending,3,2,Yes,2.8
ORD10350,07/09/2025,Male,9397543728,Hyderabad,Telangana,Tablet,Electronics,Enterprise,Retail Store,6,28000,10,151200,110813.05,40386.95,UPI,Meena,Completed,1,1,Yes,4.8
ORD10351,03/05/2026,Male,8748030488,Pune,Maharashtra,SSD,Storage,Small Business,Direct Sales,7,6500,15,38675,37026.94,1648.06,Net Banking,Divya,Pending,5,12,Yes,3.8
ORD10352,05/11/2025,Other,7012061834,Madurai,Tamil Nadu,Smartphone,Electronics,Corporate,Online,2,32000,15,54400,52374.79,2025.21,Cash,Priya,Cancelled,5,9,Yes,3.4
ORD10353,02/06/2025,Male,6686162224,Pune,Maharashtra,Mouse,Accessories,Consumer,Online,1,900,3,873,582.34,290.66,EMI,Sneha,Cancelled,2,7,No,3
ORD10354,05/07/2026,Female,8211494631,Chennai,Tamil Nadu,Smartphone,Electronics,Consumer,Online,2,32000,15,54400,40485.73,13914.27,Credit Card,Meena,Cancelled,4,4,No,2.7
ORD10355,27/02/2026,Male,8022887749,Delhi,Delhi,Monitor,Electronics,Enterprise,Online,4,18000,0,72000,48737.41,23262.59,Net Banking,Karthik,Pending,5,8,Yes,3.2
ORD10356,04/10/2025,Male,8973021583,Trichy,Tamil Nadu,Keyboard,Accessories,Consumer,Distributor,4,1800,15,6120,5083.64,1036.36,Credit Card,Priya,Returned,4,7,Yes,4.3
ORD10357,19/09/2026,Male,6371404423,Pune,Maharashtra,Mouse,Accessories,Enterprise,Direct Sales,3,900,20,2160,2188.88,-28.88,Credit Card,Anitha,Returned,4,5,Yes,4.2
ORD10358,29/08/2026,Female,6189941491,Mumbai,Maharashtra,Mouse,Accessories,Consumer,Direct Sales,6,900,8,4968,4098.99,869.01,EMI,Suresh,Completed,4,9,No,3.4
ORD10359,13/01/2025,Male,6569993705,Trichy,Tamil Nadu,Monitor,Electronics,Small Business,Distributor,8,18000,3,139680,92151.64,47528.36,Credit Card,Priya,Completed,4,11,No,2.5
ORD10360,22/05/2025,Female,8692132566,Madurai,Tamil Nadu,Smartphone,Electronics,Enterprise,Online,1,32000,8,29440,23401.68,6038.32,EMI,Priya,Returned,,6,Yes,2.9
ORD10361,28/09/2026,Other,9908437910,Madurai,Tamil Nadu,Headset,Accessories,Small Business,Online,4,2200,20,7040,6902.01,137.99,UPI,Vijay,Cancelled,4,10,Yes,3.1
ORD10362,29/07/2025,Other,6487726511,Kochi,Kerala,Keyboard,Accessories,Enterprise,Retail Store,2,1800,10,3240,2844.87,395.13,EMI,Divya,Cancelled,3,5,No,2.8
ORD10363,24/06/2026,Other,9544975881,Delhi,Delhi,Monitor,Electronics,Small Business,Direct Sales,6,18000,8,99360,79563,19797,Cash,Sneha,Completed,2,8,Yes,2.2
ORD10364,25/04/2025,Male,9876543210,Pune,Maharashtra,Keyboard,Accessories,Corporate,Online,2,1800,0,3600,2374.36,1225.64,Debit Card,Vijay,Pending,4,6,No,3.3
ORD10365,26/08/2025,Female,8485517370,Pune,Maharashtra,Laptop,Electronics,Small Business,Distributor,,55000,0,220000,137563.53,82436.47,Net Banking,Anitha,Returned,4,5,Yes,4.7
ORD10366,23/10/2025,Female,7958189548,Hyderabad,Telangana,Headset,Accessories,Corporate,Retail Store,5,2200,3,10670,8098.4,2571.6,EMI,Suresh,Cancelled,2,3,Yes,2.5
ORD10367,24/09/2025,Other,9037119053,Chennai,Tamil Nadu,Monitor,Electronics,Consumer,Distributor,6,18000,-5,97200,70238.19,26961.81,Debit Card,Karthik,Cancelled,4,9,Yes,3.6
ORD10368,15/04/2026,Other,8345677415,Chennai,Tamil Nadu,Monitor,Electronics,Small Business,Distributor,7,18000,8,115920,101359.99,14560.01,Net Banking,Rahul,Pending,5,12,No,3
ORD10369,30/04/2025,Other,9611538856,Trichy,Tamil Nadu,Monitor,Electronics,Corporate,Direct Sales,1,18000,3,17460,14089,3371,Debit Card,Priya,Cancelled,1,10,Yes,3.8
ORD10370,02/04/2026,Other,7694036518,Pune,Maharashtra,Mouse,Accessories,Corporate,Direct Sales,4,900,0,3600,2304.22,1295.78,Debit Card,Anitha,Completed,,6,No,2.4
ORD10371,20/12/2025,Other,6376233267,Delhi,Delhi,Tablet,Electronics,Corporate,Direct Sales,7,28000,5,186200,122093.45,64106.55,EMI,Vijay,Returned,3,3,No,4.2
ORD10372,02/05/2026,Other,9247485135,Hyderabad,Telangana,Tablet,Electronics,Enterprise,Online,2,28000,3,54320,37512.61,16807.39,UPI,Vijay,Cancelled,4,3,No,4.1
ORD10373,22/07/2026,Other,7305302324,Mumbai,Maharashtra,Keyboard,Accessories,Enterprise,Direct Sales,3,1800,20,4320,3842.77,477.23,Credit Card,Arun,Completed,2,5,No,4.9
ORD10374,06/12/2026,Male,9284440326,Bangalore,Karnataka,Smartphone,Electronics,Small Business,Direct Sales,5,32000,8,147200,106087.9,41112.1,UPI,Anitha,Cancelled,5,8,No,4.6
ORD10375,18/01/2025,Male,6627654163,Bangalore,Karnataka,Smartphone,Electronics,Small Business,Direct Sales,6,32000,10,172800,152814.67,19985.33,EMI,Karthik,Cancelled,2,1,No,3.1
ORD10376,20/03/2025,Male,8571665282,Chennai,Tamil Nadu,Printer,Office Equipment,Corporate,Distributor,5,12000,5,57000,44826.42,12173.58,Debit Card,Rahul,Cancelled,,12,No,2.3
ORD10377,16/10/2025,Female,9955267061,Delhi,Delhi,SSD,Storage,Corporate,Online,3,6500,0,19500,12730.92,6769.08,Credit Card,Karthik,Pending,2,9,Yes,3.3
ORD10378,16/11/2025,Female,9821345704,Bangalore,Karnataka,Monitor,Electronics,Small Business,Retail Store,3,18000,0,54000,39694.56,14305.44,EMI,Rahul,Completed,,2,Yes,2.4
ORD10379,22/03/2025,Male,6080772905,Mumbai,Maharashtra,Keyboard,Accessories,Enterprise,Direct Sales,5,1800,3,8730,6033.26,2696.74,UPI,Divya,Completed,1,11,Yes,3.4
ORD10380,09/04/2025,Other,9870516577,Chennai,Tamil Nadu,Headset,Accessories,Corporate,Retail Store,2,2200,5,4180,3432.97,747.03,EMI,Sneha,Completed,1,3,No,4.8
ORD10381,20/09/2026,Male,6425655666,Delhi,Delhi,Printer,Office Equipment,Consumer,Retail Store,3,12000,20,28800,26645.48,2154.52,EMI,Divya,Cancelled,2,9,Yes,4.9
ORD10382,09/07/2025,Male,9585190250,Mumbai,Maharashtra,Monitor,Electronics,Small Business,Direct Sales,8,18000,5,136800,113407.47,23392.53,Net Banking,Divya,Pending,4,2,No,2.4
ORD10383,23/12/2026,Male,7409244959,Kochi,Kerala,Monitor,Electronics,Enterprise,Online,3,18000,8,49680,43359.07,6320.93,Net Banking,Rahul,Returned,5,12,No,4.1
ORD10384,15/03/2026,Other,7578148768,Mumbai,Maharashtra,Smartphone,Electronics,Corporate,Online,7,32000,5,212800,191831.57,20968.43,EMI,Meena,Completed,4,8,Yes,2.4
ORD10385,22/06/2025,Female,6860125163,Coimbatore,Tamil Nadu,Tablet,Electronics,Enterprise,Online,2,28000,15,47600,47155.9,444.1,Credit Card,Vijay,Returned,3,12,No,4.3
ORD10386,19/02/2026,Male,9298532962,Delhi,Delhi,Tablet,Electronics,Enterprise,Online,8,28000,15,190400,171306.17,19093.83,UPI,Rahul,Returned,4,4,Yes,2.1
ORD10387,03/07/2025,Male,7300312565,Bangalore,Karnataka,Laptop,Electronics,Consumer,Online,8,55000,15,374000,275624.68,98375.32,EMI,Suresh,Returned,4,4,No,4
ORD10388,08/07/2026,Female,9780110968,Kochi,Kerala,Smartphone,Electronics,Consumer,Direct Sales,5,32000,10,144000,112394.84,31605.16,Net Banking,Sneha,Returned,4,8,Yes,2.1
ORD10389,16/11/2025,Male,8443214578,Pune,Maharashtra,Webcam,Accessories,Enterprise,Direct Sales,3,3500,8,9660,7595.32,2064.68,Net Banking,Suresh,Pending,5,1,No,2.8
ORD10390,25/11/2025,Male,6550606479,Coimbatore,Tamil Nadu,SSD,Storage,Small Business,Distributor,6,6500,20,31200,33332.05,-2132.05,EMI,Anitha,Completed,,6,No,2.3
ORD10391,08/09/2025,Other,6364821968,Delhi,Delhi,Printer,Office Equipment,Consumer,Distributor,7,12000,5,79800,53218.02,26581.98,UPI,Sneha,Pending,1,9,No,2.1
ORD10392,26/04/2026,Female,8449649820,Madurai,Tamil Nadu,Tablet,Electronics,Enterprise,Distributor,7,28000,5,186200,122479.72,63720.28,Cash,Priya,Returned,1,12,Yes,3
ORD10393,23/03/2026,Other,6919467055,Delhi,Delhi,Webcam,Accessories,Small Business,Distributor,3,3500,10,9450,7264.79,2185.21,UPI,Rahul,Returned,2,10,Yes,4.2
ORD10394,28/06/2026,Female,9417298242,Bangalore,Karnataka,SSD,Storage,Consumer,Distributor,6,6500,5,37050,24809.65,12240.35,Cash,Rahul,Returned,,9,No,2.6
ORD10395,04/07/2025,Male,8477523098,Pune,Maharashtra,Tablet,Electronics,Enterprise,Retail Store,8,28000,15,190400,179922.65,10477.35,EMI,Meena,Cancelled,,9,No,4.8
ORD10396,04/09/2025,Female,7762054424,Kochi,Kerala,Laptop,Electronics,Small Business,Online,,55000,5,209000,160819.3,48180.7,EMI,Divya,Returned,3,5,Yes,2.8
ORD10397,16/07/2025,Female,8084701332,Mumbai,Maharashtra,SSD,Storage,Enterprise,Direct Sales,7,6500,3,44135,29450.06,14684.94,EMI,Arun,Pending,2,5,Yes,2.1
ORD10398,13/05/2026,Female,8583851226,Kochi,Kerala,Headset,Accessories,Small Business,Online,3,2200,15,5610,5442.39,167.61,Net Banking,Sneha,Completed,4,12,Yes,2.7
ORD10399,18/08/2026,Male,7022532318,Kochi,Kerala,SSD,Storage,Consumer,Distributor,2,6500,10,11700,10132.36,1567.64,Debit Card,Anitha,Returned,,12,Yes,4.8
ORD10400,09/10/2025,Other,6240197763,Hyderabad,Telangana,Mouse,Accessories,Enterprise,Distributor,2,900,3,1746,1208.49,537.51,EMI,Priya,Cancelled,5,7,No,4
ORD10401,12/11/2025,Male,9614098856,Hyderabad,Telangana,Headset,Accessories,Consumer,Retail Store,6,2200,8,12144,10451.25,1692.75,Debit Card,Suresh,Returned,3,11,No,4.7
ORD10402,09/01/2025,Male,9533502762,Kochi,Kerala,Monitor,Electronics,Corporate,Distributor,4,18000,20,57600,52284.72,5315.28,Credit Card,Karthik,Returned,,6,No,4.4
ORD10403,07/12/2025,Male,8999958155,Bangalore,Karnataka,Headset,Accessories,Small Business,Online,8,2200,8,16192,14024.84,2167.16,Debit Card,Vijay,Cancelled,4,12,Yes,4.3
ORD10404,06/10/2026,Male,6476003514,Trichy,Tamil Nadu,Keyboard,Accessories,Corporate,Retail Store,3,1800,0,5400,3867.26,1532.74,Cash,Karthik,Returned,3,8,No,4.6
ORD10405,02/12/2025,Female,7578828127,Chennai ,Maharashtra,Keyboard,Accessories,Corporate,Direct Sales,3,1800,15,4590,4116.55,473.45,Net Banking,Anitha,completed,1,1,Yes,4.7
ORD10406,20/02/2025,Other,7117369169,Mumbai,Maharashtra,Smartphone,Electronics,Corporate,Online,5,32000,15,136000,131910.31,4089.69,Debit Card,Karthik,Completed,1,12,No,4.3
ORD10407,15/07/2025,Female,6559201866,Trichy,Tamil Nadu,Smartphone,Electronics,Enterprise,Retail Store,2,32000,3,62080,50640.34,11439.66,Cash,Divya,Cancelled,,11,Yes,3.3
ORD10408,30/08/2025,Female,8503549632,Hyderabad,Telangana,Tablet,Electronics,Enterprise,Online,1,28000,5,26600,23919.58,2680.42,UPI,Meena,Pending,3,12,No,4.1
ORD10409,02/03/2025,Female,9900803267,Coimbatore,Tamil Nadu,Tablet,Electronics,Small Business,Online,5,28000,0,140000,90001.39,49998.61,UPI,Rahul,Returned,3,7,No,2.4
ORD10410,20/05/2026,Male,7362867804,Chennai,Tamil Nadu,Webcam,Accessories,Enterprise,Retail Store,3,3500,5,,6938.06,3036.94,Debit Card,Priya,Cancelled,1,3,No,4.6
ORD10411,27/09/2025,Female,7871640952,Delhi,Delhi,Headset,Accessories,Corporate,Distributor,7,2200,5,14630,12884.72,1745.28,EMI,Meena,Pending,5,11,No,2.2
ORD10412,24/09/2025,Female,6498319477,Chennai,Tamil Nadu,Keyboard,Accessories,Enterprise,Online,4,1800,3,6984,4525.97,2458.03,Net Banking,Sneha,Returned,4,8,Yes,4.5
ORD10413,18/10/2025,Female,8419129100,Bangalore,Karnataka,Keyboard,Accessories,Corporate,Online,6,1800,0,10800,7224.08,3575.92,Cash,Anitha,Pending,4,2,Yes,4.3
ORD10414,28/11/2026,Other,9990662154,Delhi,Delhi,Monitor,Electronics,Consumer,Distributor,1,18000,5,17100,14103.27,2996.73,Credit Card,Arun,Completed,4,12,No,3.4
ORD10415,03/11/2026,Other,9153878465,Madurai,Tamil Nadu,Headset,Accessories,Corporate,Retail Store,1,2200,5,2090,1876.04,213.96,UPI,Rahul,Cancelled,1,12,Yes,3.6
ORD10416,03/09/2025,Male,6699824916,Coimbatore,Tamil Nadu,SSD,Storage,Enterprise,Direct Sales,2,6500,8,11960,8856.11,3103.89,Debit Card,Karthik,Completed,3,8,No,4.2
ORD10417,12/01/2026,Female,9802820039,Madurai,Tamil Nadu,Headset,Accessories,Enterprise,Direct Sales,3,2200,5,6270,5146.18,1123.82,Debit Card,Anitha,Returned,,7,No,3.8
ORD10418,20/04/2026,Female,8264644827,Coimbatore,Tamil Nadu,Tablet,Electronics,Consumer,Distributor,2,28000,0,56000,41619.31,14380.69,Net Banking,Vijay,Completed,4,5,Yes,5
ORD10419,19/07/2026,Male,8193231853,Mumbai,Maharashtra,Headset,Accessories,Enterprise,Direct Sales,7,2200,5,14630,11649.31,2980.69,UPI,Meena,Cancelled,3,5,Yes,4.3
ORD10420,07/02/2026,Other,7278386338,Bangalore,Karnataka,Laptop,Electronics,Small Business,Direct Sales,8,55000,3,426800,355820.3,70979.7,EMI,Meena,Cancelled,3,3,Yes,2.6
ORD10421,06/01/2025,Male,8816643737,Pune,Maharashtra,SSD,Storage,Enterprise,Direct Sales,2,6500,8,11960,9727.25,2232.75,EMI,Vijay,Returned,3,10,No,4.1
ORD10422,15/07/2025,Male,6898633785,Pune,Maharashtra,Tablet,Electronics,Enterprise,Retail Store,2,28000,3,54320,36535.93,17784.07,EMI,Divya,Returned,,9,Yes,2.3
ORD10423,20/06/2025,Female,8025030698,Hyderabad,Telangana,Smartphone,Electronics,Consumer,Direct Sales,8,32000,8,235520,160060.43,75459.57,Cash,Divya,Pending,3,10,No,2.2
ORD10424,16/08/2026,Female,6158987731,Bangalore,Karnataka,Laptop,Electronics,Enterprise,Direct Sales,7,55000,8,354200,317112.14,37087.86,Net Banking,Suresh,Returned,2,12,Yes,3.6
ORD10425,26/10/2026,Female,8674461918,Madurai,Tamil Nadu,Tablet,Electronics,Small Business,Direct Sales,6,28000,10,151200,106720.75,44479.25,EMI,Vijay,Completed,2,5,Yes,3.4
ORD10426,14/12/2025,Male,9793200863,Mumbai,Maharashtra,Smartphone,Electronics,Small Business,Direct Sales,4,32000,10,115200,107286.64,7913.36,Net Banking,Sneha,Returned,2,10,Yes,2.8
ORD10427,13/09/2026,Female,7304174972,Trichy,Tamil Nadu,Monitor,Electronics,Corporate,Retail Store,3,18000,3,52380,36065.32,16314.68,Cash,Arun,Completed,3,5,No,4
ORD10428,17/03/2026,Male,8413691946,Kochi,Kerala,Keyboard,Accessories,Corporate,Direct Sales,1,1800,20,1440,1143.5,296.5,Debit Card,Sneha,Cancelled,1,9,No,4.7
ORD10429,25/03/2026,Other,8618451922,Madurai,Tamil Nadu,Webcam,Accessories,Consumer,Online,2,3500,15,5950,4424.71,1525.29,Cash,Priya,Pending,,2,Yes,4.7
ORD10430,12/04/2025,Female,9518268770,Pune,Maharashtra,Keyboard,Accessories,Corporate,Online,8,1800,20,11520,10676.38,843.62,Credit Card,Meena,Returned,1,4,No,3
ORD10431,01/03/2026,Male,9234996251,Hyderabad,Telangana,Webcam,Accessories,Enterprise,Retail Store,2,3500,5,6650,4965.69,1684.31,Credit Card,Vijay,Returned,4,8,No,4.8
ORD10432,13/03/2025,Female,9317315247,Hyderabad,Telangana,Smartphone,Electronics,Corporate,Direct Sales,1,32000,15,27200,26031.98,1168.02,UPI,Vijay,Completed,,11,Yes,4.7
ORD10433,29/11/2026,Other,9189861497,Kochi,Kerala,Laptop,Electronics,Small Business,Distributor,5,55000,8,253000,197032.19,55967.81,UPI,Rahul,Pending,,7,No,3.9
ORD10434,27/10/2026,Male,98765ABCDE,Madurai,Tamil Nadu,Webcam,Accessories,Small Business,Direct Sales,8,3500,15,23800,19680.08,4119.92,EMI,Karthik,Cancelled,2,2,No,3.6
ORD10435,22/09/2025,Other,6474344355,Chennai,Tamil Nadu,Keyboard,Accessories,Consumer,Distributor,1,1800,20,1440,1349.25,90.75,Debit Card,Suresh,Cancelled,1,1,Yes,3.3
ORD10436,19/08/2026,Other,7004326112,Chennai,Tamil Nadu,SSD,Storage,Small Business,Distributor,8,6500,5,49400,44507.22,4892.78,Debit Card,Anitha,Pending,,7,Yes,2.3
ORD10437,11/04/2026,Female,6351960400,Madurai,Tamil Nadu,Webcam,Accessories,Consumer,Online,4,3500,20,11200,11295.93,-95.93,Net Banking,Karthik,Returned,2,8,Yes,3.1
ORD10438,26/05/2026,Other,12345,Coimbatore,Tamil Nadu,Webcam,Accessories,Enterprise,Direct Sales,7,3500,20,19600,16740.52,2859.48,Credit Card,Karthik,Pending,4,12,No,2.4
ORD10439,30/04/2026,Other,7586269119,Kochi,Kerala,Webcam,Accessories,Consumer,Direct Sales,2,3500,15,5950,4697.24,1252.76,UPI,Priya,Cancelled,5,5,Yes,3.6
ORD10440,13/05/2026,Other,7811432415,Delhi,Delhi,Monitor,Electronics,Consumer,Distributor,5,18000,5,85500,62350.42,23149.58,Debit Card,Divya,Pending,,8,Yes,2.4
ORD10441,14/11/2025,Female,8041086767,Bangalore,Karnataka,Printer,Office Equipment,Corporate,Retail Store,1,12000,8,11040,8825.79,2214.21,Cash,Meena,Returned,,8,Yes,4.6
ORD10442,09/02/2026,,9822706303,Bangalore,Karnataka,Printer,Office Equipment,Enterprise,Distributor,7,12000,8,77280,56773.7,20506.3,EMI,Priya,Pending,,1,No,3.7
ORD10443,09/07/2026,Other,6813449059,Kochi,Kerala,Monitor,Electronics,Enterprise,Online,2,18000,3,34920,30572.65,4347.35,UPI,Suresh,Pending,1,5,Yes,2.7
ORD10444,25/11/2025,Female,9702151572,Trichy,Tamil Nadu,SSD,Storage,Consumer,Distributor,2,6500,20,10400,9724.66,675.34,Net Banking,Karthik,Returned,1,9,No,3.1
ORD10445,28/05/2025,Male,7317671115,Bangalore,Karnataka,Monitor,Electronics,Enterprise,Retail Store,2,18000,10,32400,23772.87,8627.13,UPI,Anitha,Cancelled,2,1,Yes,2.9
ORD10446,22/09/2025,Male,7029172775,Delhi,Delhi,Monitor,Electronics,Corporate,Direct Sales,3,18000,8,49680,45053.42,4626.58,Cash,Suresh,Returned,1,5,Yes,3
ORD10447,11/10/2026,Other,8517592572,Coimbatore,Tamil Nadu,Webcam,Accessories,Consumer,Retail Store,2,3500,8,6440,4388.56,2051.44,Cash,Karthik,return,5,7,No,2.3
ORD10448,22/06/2025,Other,7940217134,Mumbai,Maharashtra,Webcam,Accessories,Consumer,Online,3,3500,5,9975,7871.91,2103.09,Net Banking,Anitha,Cancelled,,3,Yes,2.2
ORD10449,26/12/2025,Other,7208222796,Pune,Maharashtra,Smartphone,Electronics,Consumer,Retail Store,5,32000,20,128000,125311.92,2688.08,EMI,Suresh,Completed,3,2,No,4.1
ORD10450,01/06/2026,Other,7122534917,Kochi,Kerala,Keyboard,Accessories,Enterprise,Distributor,5,1800,8,8280,6035.44,2244.56,Credit Card,Sneha,Cancelled,2,8,No,2
ORD10451,20/11/2026,Other,9020649096,Chennai,Tamil Nadu,Keyboard,Accessories,Enterprise,Direct Sales,8,1800,0,14400,12043.39,2356.61,Cash,Priya,Completed,5,1,No,4
ORD10452,,Female,6828889415,Coimbatore,Tamil Nadu,Printer,Office Equipment,Enterprise,Online,6,12000,8,66240,47701.79,18538.21,Credit Card,Arun,Cancelled,,12,No,2.6
ORD10453,07/01/2026,Other,9036404466,Pune,Maharashtra,SSD,Storage,Corporate,Online,4,6500,3,25220,22235.94,2984.06,Credit Card,Vijay,Completed,3,10,No,2.5
ORD10454,08/03/2025,Male,9783879461,Madurai,Tamil Nadu,Mouse,Accessories,Small Business,Retail Store,3,900,0,2700,2055.13,644.87,EMI,Arun,Cancelled,,9,No,2
ORD10455,21/02/2026,Female,8128477207,Chennai,Tamil Nadu,Tablet,Electronics,Small Business,Online,,28000,8,154560,138203.85,16356.15,EMI,Divya,Completed,3,7,No,2.9
ORD10456,26/01/2025,Male,9938464506,Mumbai,Maharashtra,Tablet,Electronics,corporate,Retail Store,6,28000,0,168000,139645.57,28354.43,Credit Card,Sneha,COMPLETE,1,11,Yes,2.1
ORD10457,21/04/2025,M,9528890285,Chennai,Tamil Nadu,Tablet,Electronics,Small Business,Retail Store,6,28000,20,134400,114256.51,20143.49,UPI,Anitha,Returned,1,11,No,3.7
ORD10458,12/12/2026,Female,6235316246,Chennai,Tamil Nadu,Monitor,Electronics,Small Business,Direct Sales,1,18000,8,16560,12513.37,4046.63,UPI,Priya,Completed,5,1,No,4.5
ORD10459,07/11/2026,Female,7993762863,Bangalore,Karnataka,Tablet,Electronics,Enterprise,Online,7,28000,3,190120,162189.97,27930.03,Debit Card,Arun,Returned,5,6,Yes,2.3
ORD10460,18/07/2025,Female,7526393650,Madurai,Tamil Nadu,Laptop,Electronics,Small business,Direct Sales,2,55000,10,99000,89040.59,9959.41,EMI,Anitha,Returned,2,4,Yes,4.4
ORD10461,30/10/2026,Other,9330728529,Hyderabad,Telangana,Laptop,Electronics,Corporate,Retail Store,5,55000,10,247500,199265.98,48234.02,Net Banking,Rahul,Cancelled,3,6,Yes,3.6
ORD10462,27/07/2026,Male,6860590754,Chennai,Tamil Nadu,Keyboard,Accessories,Corporate,Online,4,1800,10,6480,5879.55,600.45,Debit Card,Divya,Returned,,12,No,3.8
ORD10463,03/12/2025,Male,8130006033,Madurai,Tamil Nadu,Printer,Office Equipment,Corporate,Online,6,12000,10,64800,49817.63,14982.37,EMI,Divya,Pending,4,10,Yes,2.7
ORD10464,07/01/2025,Female,6128924554,Coimbatore,Tamil Nadu,Printer,Office Equipment,Consumer,Retail Store,4,12000,8,44160,31882.5,12277.5,Debit Card,Meena,Pending,,10,No,2.1
ORD10465,26/09/2025,Other,7056408479,Mumbai,Maharashtra,Laptop,Electronics,Corporate,Retail Store,4,55000,5,209000,145594.94,63405.06,UPI,Karthik,Cancelled,1,1,Yes,3.1
ORD10466,14/01/2026,Other,9431776913,Delhi,Delhi,Monitor,Electronics,Enterprise,Online,4,18000,5,68400,52523.2,15876.8,UPI,Karthik,Pending,2,4,No,4.1
ORD10467,17/02/2025,Other,7263505268,Madurai,Tamil Nadu,Printer,Office Equipment,Corporate,Distributor,7,12000,15,71400,57010.12,14389.88,Credit Card,Arun,Cancelled,2,9,No,2.6
ORD10468,23/10/2026,Other,7994012789,Trichy,Tamil Nadu,Monitor,Electronics,Corporate,Distributor,2,18000,3,34920,26714.42,8205.58,EMI,Sneha,Returned,,8,No,2.8
ORD10469,27/07/2025,Male,7314255870,Madurai,Tamil Nadu,Tablet,Electronics,Enterprise,Direct Sales,1,28000,3,27160,18835.22,8324.78,Cash,Karthik,Cancelled,3,9,Yes,2.4
ORD10470,21/08/2026,Other,7444715251,Pune,Maharashtra,Monitor,Electronics,Enterprise,Direct Sales,8,18000,10,129600,101430.43,28169.57,Net Banking,Vijay,Returned,3,8,No,2.8
ORD10471,19/03/2025,Other,8202420523,Hyderabad,Telangana,Laptop,Electronics,Consumer,Distributor,8,55000,3,426800,300849.99,125950.01,Credit Card,Priya,Completed,1,6,Yes,3.6
ORD10472,01/12/2026, Male ,9672193663,Mumbai,Maharashtra,Printer,Office Equipment,Small Business,Online,6,12000,5,68400,49870.93,18529.07,Debit Card,Rahul,Cancelled,4,7,Yes,3.4
ORD10473,03/08/2025,Other,9375735416,Hyderabad,Telangana,Webcam,Accessories,Enterprise,Direct Sales,7,3500,3,23765,16524.33,7240.67,Debit Card,Priya,Cancelled,2,7,No,2.6
ORD10474,12/05/2025,Female,9480647434,Kochi,Kerala,Smartphone,Electronics,Small Business,Distributor,1,32000,5,30400,20907.14,9492.86,Credit Card,Vijay,Returned,,7,No,3
ORD10475,05/12/2025,Other,8464790373,chennai,Tamil Nadu,Laptop,Electronics,Enterprise,Direct Sales,1,55000,3,53350,36128.72,17221.28,Credit Card,Vijay,Completed,5,7,Yes,3.4
ORD10476,06/04/2025,Male,6137693023,Madurai,Tamil Nadu,Printer,Office Equipment,Enterprise,Online,8,12000,15,81600,80134.9,1465.1,Credit Card,Divya,Completed,4,5,Yes,2.7
ORD10477,12/01/2025,Female,6674462136,Bangalore,Karnataka,Webcam,Accessories,Consumer,Retail Store,8,3500,0,28000,19837.34,8162.66,Cash,Vijay,Returned,,2,No,4.9
ORD10478,28/12/2026,Other,8469998667,Hyderabad,Telangana,Mouse,Accessories,Small Business,Retail Store,4,900,5,3420,2605.42,814.58,Cash,Meena,Cancelled,2,1,Yes,3.3
ORD10479,06/08/2026,male,6167867877,Madurai,Tamil Nadu,Tablet,Electronics,Consumer,Distributor,4,28000,10,100800,78280.6,22519.4,EMI,Meena,Cancelled,,12,No,3.2
ORD10480,19/03/2026,Other,8442183999,Coimbatore,Tamil Nadu,Keyboard,Accessories,Consumer,Direct Sales,4,1800,3,6984,6019.14,964.86,EMI,Arun,Pending,2,5,No,4
ORD10481,21/07/2026,Male,8166359357,Mumbai,Maharashtra,Monitor,Electronics,Small Business,Direct Sales,8,18000,8,132480,123576.99,8903.01,Net Banking,Karthik,Cancelled,2,9,Yes,3.4
ORD10482,19/07/2025,Female,6492558512,Trichy,Tamil Nadu,Monitor,Electronics,Corporate,Distributor,7,18000,5,119700,100677.75,19022.25,EMI,Meena,Returned,4,2,Yes,3.6
ORD10483,15/06/2025,Male,6761225433,Trichy,Tamil Nadu,Mouse,Accessories,Small Business,Online,3,900,8,2484,2205.64,278.36,Cash,Vijay,Pending,1,11,Yes,4
ORD10484,05/02/2025,Female,8992485680,Trichy,Tamil Nadu,Keyboard,Accessories,Consumer,Online,6,1800,3,10476,7257.61,3218.39,Net Banking,Rahul,Returned,1,10,Yes,2.1
ORD10485,24/07/2025,Male,6062534560,Mumbai,Maharashtra,Tablet,Electronics,Small Business,Retail Store,4,28000,5,106400,93867.37,12532.63,EMI,Priya,Pending,1,11,Yes,4.2
ORD10486,30/07/2026,Male,8326595173,Coimbatore,Tamil Nadu,Laptop,Electronics,Enterprise,Direct Sales,2,55000,20,88000,76836.53,11163.47,UPI,Divya,Pending,1,6,No,2.5
ORD10487,14/08/2025,Other,8679670450,Delhi,Delhi,Tablet,Electronics,Small Business,Online,1,28000,8,25760,18789.8,6970.2,UPI,Divya,Returned,3,10,No,4.9
ORD10488,07/09/2026,Other,9970926592,Kochi,Kerala,Monitor,Electronics,Corporate,Distributor,3,18000,5,51300,45909.09,5390.91,Credit Card,Sneha,Returned,1,6,Yes,3.8
ORD10489,27/08/2025,Male,6091110776,Trichy,Tamil Nadu,SSD,Storage,Consumer,Distributor,7,6500,10,40950,35205.26,5744.74,Credit Card,Vijay,Pending,5,2,Yes,2.4
ORD10490,20/10/2026,Female,9175078754,Pune,Maharashtra,Smartphone,Electronics,Small Business,Retail Store,4,32000,3,124160,90902.98,33257.02,Debit Card,Sneha,Completed,5,7,No,4.3
ORD10491,25/02/2025,Other,9748242784,Delhi,Delhi,Mouse,Accessories,Enterprise,Distributor,6,900,3,5238,3614.74,1623.26,Credit Card,Meena,Completed,1,8,Yes,4.9
ORD10492,30/08/2026,Other,6335714030,Hyderabad,Telangana,Laptop,Electronics,Enterprise,Direct Sales,4,55000,3,213400,141244.9,72155.1,Debit Card,Karthik, Cancelled ,2,7,Yes,3.8
ORD10493,08/05/2026,Female,6720549656,Pune,Maharashtra,Headset,Accessories,Enterprise,Direct Sales,8,2200,15,14960,11762.72,3197.28,Net Banking,Suresh,Returned,2,8,Yes,4.3
ORD10494,21/07/2026,Female,7991366906,Bangalore,Karnataka,Tablet,Electronics,Small Business,Direct Sales,5,28000,10,126000,104849.84,21150.16,Debit Card,Vijay,Returned,1,6,Yes,4.1
ORD10495,28/05/2026,Female,7737551584,Hyderabad,Telangana,Mouse,Accessories,Enterprise,Direct Sales,4,900,0,3600,2243.09,1356.91,EMI,Sneha,Returned,4,5,Yes,3.2
ORD10496,23/03/2026,Other,9045683582,Bangalore,Karnataka,Laptop,Electronics,Enterprise,Distributor,7,55000,10,346500,253702.28,92797.72,EMI,Arun,Returned,4,12,Yes,2.7
ORD10497,01/06/2025,Other,6632938114,Delhi,Delhi,Laptop,Electronics,Small Business,Retail Store,1,55000,15,46750,42886.92,3863.08,Cash,Anitha,Pending,1,2,Yes,3.9
ORD10498,10/03/2026,Other,7298023144,Coimbatore,Tamil Nadu,Tablet,Electronics,Enterprise,Distributor,2,28000,10,50400,46949.72,3450.28,EMI,Vijay,Completed,1,11,No,4.4
ORD10499,22/06/2025,Male,9323203607,Mumbai,Maharashtra,Headset,Accessories,Enterprise,Direct Sales,7,2200,15,13090,10686.74,2403.26,EMI,Rahul,Returned,2,3,No,2.6
ORD10500,23/04/2025,Male,,Mumbai,Maharashtra,Keyboard,Accessories,Consumer,Retail Store,8,1800,3,13968,10665.03,3302.97,Credit Card,Rahul,Returned,4,11,Yes,4.6
ORD10501,11/10/2025,Other,7008372962,Bangalore,Karnataka,Keyboard,Accessories,Enterprise,Direct Sales,5,1800,0,9000,6395.89,2604.11,EMI,Priya,Completed,1,5,Yes,4
ORD10502,20/01/2026,Female,8032515029,Bangalore,Karnataka,Laptop,Electronics,Small Business,Direct Sales,4,55000,10,198000,178206.33,19793.67,Debit Card,Sneha,Cancelled,3,4,No,4
ORD10503,13/04/2025,Other,9588106555,Madurai,Tamil Nadu,Tablet,Electronics,Corporate,Online,1,28000,5,26600,23227.08,3372.92,Cash,Priya,Cancelled,,4,No,3.4
ORD10504,16/10/2026,Male,9468434391,Kochi,Kerala,Smartphone,Electronics,Small Business,Direct Sales,7,32000,15,190400,148983.38,41416.62,Credit Card,Anitha,Returned,4,12,Yes,3
ORD10505,31/12/2026,Other,8167397784,Bangalore,Karnataka,Smartphone,Electronics,Consumer,Retail Store,7,32000,5,212800,171521.66,41278.34,Net Banking,Priya,Cancelled,,9,No,2.5
ORD10506,07/09/2025,Male,7867852958,Bangalore,Karnataka,Smartphone,Electronics,Consumer,Retail Store,8,32000,15,217600,191938.64,25661.36,Debit Card,Vijay,Cancelled,2,12,No,4
ORD10507,07/12/2025,Male,98765ABCDE,Hyderabad,Telangana,Monitor,Electronics,Small Business,Direct Sales,8,18000,0,144000,116773.88,27226.12,EMI,Vijay,Returned,2,4,No,2.3
ORD10508,12/07/2025,Female,6547253832,Bangalore,Karnataka,Monitor,Electronics,Small Business,Direct Sales,2,18000,5,34200,28718.62,5481.38,Cash,Arun,Cancelled,1,10,Yes,4.5
ORD10509,10/05/2025,Other,6954090737, CHENNAI ,Delhi,Tablet,Electronics,Consumer,Direct Sales,6,28000,20,134400,131549.46,2850.54,UPI,Suresh,Returned,3,3,No,4.5
ORD10510,13/11/2026,Female,7326678587,Trichy,Tamil Nadu,Smartphone,Electronics,Consumer,Distributor,3,32000,10,86400,66049.37,20350.63,EMI,Anitha,Returned,,4,No,2.9
ORD10511,04/08/2025,Male,9679836917,Chennai,Tamil Nadu,Tablet,Electronics,Enterprise,Direct Sales,6,28000,3,162960,137540.31,25419.69,Debit Card,Karthik,Completed,5,7,No,3.3
ORD10512,17/10/2025,Other,9677575264,Delhi,Delhi,Smartphone,Electronics,Enterprise,Online,7,32000,8,206080,142741.22,63338.78,Credit Card,Sneha,Completed,,5,No,4
ORD10513,29/05/2025,Other,8797045905,Hyderabad,Telangana,SSD,Storage,Consumer,Distributor,8,6500,15,44200,38260.87,5939.13,EMI,Anitha,Completed,,3,No,4.9
ORD10514,01/05/2026,Other,8792148803, CHENNAI ,Telangana,Tablet,Electronics,Small Business,Direct Sales,1,28000,0,,19749.52,8250.48,Credit Card,Vijay,Pending,1,2,Yes,3.2
ORD10515,10/12/2026,Female,9714699115,Madurai,Tamil Nadu,Headset,Accessories,Enterprise,Distributor,3,2200,15,5610,5272.4,337.6,EMI,Meena,Cancelled,,2,Yes,2.2
ORD10516,10/08/2026,Other,6777803949,Kochi,Kerala,Smartphone,Electronics,Corporate ,Direct Sales,4,32000,0,128000,97388.05,30611.95,EMI,Vijay,Cancelled,5,3,Yes,3
ORD10517,08/02/2026,Female,6274584412,Hyderabad,Telangana,Webcam,Accessories,Small business,Retail Store,7,3500,20,19600,19310.36,289.64,EMI,Priya,Pending,5,12,Yes,2
ORD10518,31/07/2025,Other,7102777869,Delhi,Delhi,Smartphone,Electronics,Consumer,Online,2,32000,0,64000,41658.61,22341.39,UPI,Suresh,Cancelled,3,9,Yes,3.3
ORD10519,16/06/2026,Female,6600672836,Mumbai,Maharashtra,Laptop,Electronics,Enterprise,Distributor,5,55000,0,275000,232950.16,42049.84,Cash,Sneha,Pending,,2,Yes,2.7
ORD10520,18/05/2025,Other,7542173127,Hyderabad,Telangana,Mouse,Accessories,Small Business,Retail Store,5,900,20,3600,3689.24,-89.24,EMI,Anitha,Returned,1,9,No,2.8
ORD10521,24/11/2026,Other,6875155003,Coimbatore,Tamil Nadu,Keyboard,Accessories,Consumer,Distributor,8,1800,0,14400,12193.02,2206.98,EMI,Divya,Cancelled,5,11,Yes,3.3
ORD10522,11/09/2026,Male,8282647005,Delhi,Delhi,Keyboard,Accessories,Consumer,Direct Sales,7,1800,8,11592,7890.35,3701.65,UPI,Sneha,Completed,3,6,No,2.4
ORD10523,16/08/2025,Male,8261195798,Pune,Maharashtra,Mouse,Accessories,Small Business,Direct Sales,1,900,0,900,639.47,260.53,UPI,Suresh,Cancelled,,10,No,3.7
ORD10524,03/02/2026,Other,8553860456,Bangalore,Karnataka,SSD,Storage,Enterprise,Direct Sales,,6500,3,6305,4526.07,1778.93,Cash,Karthik,Cancelled,1,11,Yes,4
ORD10525,17/10/2026,Other,8614359424,Coimbatore,Tamil Nadu,Keyboard,Accessories,Enterprise,Direct Sales,5,1800,0,9000,7563.83,1436.17,Credit Card,Meena,Cancelled,4,9,No,2.8
ORD10526,31/03/2025,Male,8725915610,Kochi,Kerala,Tablet,Electronics,Consumer,Online,4,28000,5,106400,86525.88,19874.12,EMI,Divya,Completed,2,10,Yes,2.3
ORD10527,11/03/2026,Female,8138057075,Kochi,Kerala,Headset,Accessories,Consumer,Direct Sales,8,2200,20,14080,14605.27,-525.27,UPI,Anitha,Pending,,1,No,4.1
ORD10528,22/06/2025,,6322648158,Mumbai,Maharashtra,Printer,Office Equipment,Small Business,Retail Store,1,12000,10,10800,8732.12,2067.88,Cash,Sneha,Completed,4,8,No,2.5
ORD10529,01/05/2025,Female,7137095986,Delhi,Delhi,Monitor,Electronics,Corporate,Online,4,18000,20,57600,53955.99,3644.01,EMI,Anitha,Returned,2,5,Yes,4.8
ORD10530,17/04/2026,Male,6022138032,Trichy,Tamil Nadu,SSD,Storage,Small Business,Retail Store,1,6500,5,6175,4039.19,2135.81,Net Banking,Sneha,Completed,1,7,No,2.6
ORD10531,15/05/2026,Male,8021635448,Kochi,Kerala,Webcam,Accessories,Enterprise,Distributor,3,3500,8,9660,6822.08,2837.92,Debit Card,Sneha,Returned,2,9,No,2.3
ORD10532,21/03/2026,Male,6814184372,Trichy,Tamil Nadu,Smartphone,Electronics,Small Business,Online,3,32000,3,93120,67670.12,25449.88,Credit Card,Vijay,Returned,,6,Yes,2.5
ORD10533,18/07/2026,Female,9225906560,Trichy,Tamil Nadu,Mouse,Accessories,Enterprise,Direct Sales,5,900,0,4500,3244.78,1255.22,Credit Card,Priya,Completed,1,3,Yes,3
ORD10534,16/03/2026,Female,8062413300,Mumbai,Maharashtra,Laptop,Electronics,Small Business,Distributor,1,55000,15,46750,45053.83,1696.17,Net Banking,Priya,Returned,2,10,Yes,4.2
ORD10535,27/09/2025,Male,8035354181,Mumbai,Maharashtra,Keyboard,Accessories,Consumer,Retail Store,5,1800,20,7200,5828.44,1371.56,Credit Card,Anitha,Pending,2,2,Yes,3.2
ORD10536,24/07/2025,Female,8254734062,Mumbai,Maharashtra,Headset,Accessories,Small Business,Retail Store,3,2200,8,6072,4119.98,1952.02,Credit Card,Sneha,Returned,4,1,No,3.9
ORD10537,26/12/2025,Female,9844452015,Bangalore,Karnataka,Headset,Accessories,Consumer,Retail Store,5,2200,5,10450,7560.67,2889.33,UPI,Arun,Completed,,12,No,2.6
ORD10538,19/05/2026,Male,6416127433,Pune,Maharashtra,Smartphone,Electronics,Consumer,Retail Store,2,32000,8,58880,42519.14,16360.86,Debit Card,Sneha,Cancelled,,10,No,2.7
ORD10539,14/05/2025,Male,6176260874,Mumbai,Maharashtra,Headset,Accessories,Corporate,Retail Store,7,2200,0,15400,12827.07,2572.93,EMI,Meena,Completed,1,9,No,2.9
ORD10540,05/03/2026,Other,7491811929,Mumbai,Maharashtra,Smartphone,Electronics,Small Business,Direct Sales,3,32000,0,96000,62465.25,33534.75,EMI,Priya,completed,1,8,No,3.6
ORD10541,13/05/2025,Male,9411880703,Chennai,Tamil Nadu,Webcam,Accessories,Corporate,Direct Sales,3,3500,10,9450,7200.85,2249.15,Net Banking,Suresh,Completed,2,8,No,3.7
ORD10542,13/06/2025,Other,6038059076, CHENNAI ,Tamil Nadu,Tablet,Electronics,Enterprise,Distributor,5,28000,3,135800,92984.63,42815.37,Debit Card,Divya,Cancelled,,5,Yes,2.5
ORD10543,01/06/2025,Male,8759143335,Kochi,Kerala,Laptop,Electronics,Corporate,Retail Store,4,55000,5,209000,138463.99,70536.01,Cash,Priya,Completed,,6,No,3
ORD10544,29/10/2025,Female,6941798683,Pune,Maharashtra,Webcam,Accessories,Small Business,Retail Store,3,3500,8,9660,8773.81,886.19,Debit Card,Arun,Completed,,12,No,4.8
ORD10545,29/11/2025,Other,9469186626,Madurai,Tamil Nadu,Headset,Accessories,Enterprise,Retail Store,4,2200,20,7040,6389.89,650.11,Net Banking,Divya,Returned,3,3,No,2.3
ORD10546,13/07/2025,Other,7211370833,Trichy,Tamil Nadu,Keyboard,Accessories,Consumer,Distributor,3,1800,20,,4465.61,-145.61,Credit Card,Karthik,Returned,,10,Yes,2.2
ORD10547,17/02/2026,Male,9121430303,Coimbatore,Tamil Nadu,Monitor,Electronics,Consumer,Online,4,18000,8,66240,60349.78,5890.22,Net Banking,Vijay,Completed,1,1,Yes,2.4
ORD10548,10/01/2025,Other,6364922725,Pune,Maharashtra,Monitor,Electronics,Corporate,Retail Store,3,18000,15,,41251.3,4648.7,Net Banking,Anitha,Returned,2,5,No,3.4
ORD10549,22/01/2025,Female,6440518015,Chennai,Tamil Nadu,Mouse,Accessories,Enterprise,Retail Store,5,900,15,3825,3377.1,447.9,UPI,Divya,Completed,2,7,No,2.4
ORD10550,26/04/2025,Male,6436953872,Mumbai,Maharashtra,Headset,Accessories,Small Business,Distributor,7,2200,15,13090,12816.09,273.91,UPI,Anitha,Cancelled,1,6,Yes,4.7
ORD10551,07/09/2026,Male,9835910672,Hyderabad,Telangana,SSD,Storage,corporate,Distributor,3,6500,8,17940,14572.65,3367.35,Debit Card,Priya,Cancelled,4,11,No,4.8
ORD10552,24/11/2025,Other,9422447856,Chennai,Tamil Nadu,Monitor,Electronics,Enterprise,Online,3,18000,20,43200,41979.87,1220.13,UPI,Anitha,Returned,,5,Yes,2.3
ORD10553,11/03/2026,Other,9408063373,Hyderabad,Telangana,Keyboard,Accessories,Small Business,Retail Store,7,1800,5,11970,8777.61,3192.39,EMI,Divya,Returned,4,9,No,3.6
ORD10554,08/03/2026, Male ,6374736832,Kochi,Kerala,Smartphone,Electronics,Corporate,Distributor,4,32000,8,117760,81928.74,35831.26,UPI,Divya,Completed,3,9,No,4.9
ORD10555,23/05/2025,Other,9921107182,Chennai,Tamil Nadu,Monitor,Electronics,Enterprise,Retail Store,6,18000,5,102600,88959.64,13640.36,Credit Card,Divya,Completed,,3,Yes,4.9
ORD10556,16/01/2026,Other,8497983389,Coimbatore,Tamil Nadu,Keyboard,Accessories,Consumer,Direct Sales,1,1800,15,1530,1532.84,-2.84,Cash,Karthik,Completed,,6,Yes,2.2
ORD10557,27/04/2026,Other,7286375772,Chennai,Tamil Nadu,Monitor,Electronics,Enterprise,Direct Sales,7,18000,3,122220,101266.23,20953.77,EMI,Sneha,Returned,,12,Yes,2.9
ORD10558,31/05/2026,Female,8920163483,Chennai,Tamil Nadu,Keyboard,Accessories,Enterprise,Distributor,1,1800,10,1620,1440.49,179.51,Cash,Suresh,Cancelled,,4,No,4.8
ORD10559,15/02/2026,Female,6788958738,Bangalore,Karnataka,Headset,Accessories,Consumer,Direct Sales,7,2200,3,14938,12294.63,2643.37,Net Banking,Sneha,Returned,4,3,Yes,4.4
ORD10560,07/01/2026,Male,7212069537,Mumbai,Maharashtra,Tablet,Electronics,Corporate,Online,5,28000,0,140000,90307.84,49692.16,UPI,Divya,Completed,,4,Yes,3.9
ORD10561,02/08/2026,Male,6206368479,Mumbai,Maharashtra,Laptop,Electronics,Small Business,Online,5,55000,0,275000,234959.77,40040.23,Debit Card,Arun,Cancelled,3,7,Yes,2.9
ORD10562,06/12/2025,Male,8156834290,Delhi,Delhi,Tablet,Electronics,Corporate,Online,3,28000,15,71400,65681.68,5718.32,Cash,Vijay,Returned,5,1,No,2.5
ORD10563,09/08/2025,Other,6691691710,Bangalore,Karnataka,Smartphone,Electronics,Small Business,Direct Sales,2,32000,15,54400,43236.92,11163.08,Credit Card,Sneha,Cancelled,3,10,No,2.1
ORD10564,06/06/2025,Male,9456273760,Mumbai,Maharashtra,Tablet,Electronics,Consumer,Retail Store,4,28000,10,100800,85752.85,15047.15,Debit Card,Suresh,Completed,4,2,No,2.9
ORD10565,28/12/2025,Other,9315459242,Hyderabad,Telangana,Headset,Accessories,Enterprise,Distributor,2,2200,5,4180,3336.8,843.2,Net Banking,Rahul,Returned,,3,Yes,4.9
ORD10566,23/02/2026,Female,,Chennai,Tamil Nadu,Smartphone,Electronics,Small Business,Distributor,6,32000,20,153600,132247.68,21352.32,UPI,Vijay,Returned,3,11,Yes,3.9
ORD10567,25/10/2025,Female,9667168479,Mumbai,Maharashtra,Laptop,Electronics,Consumer,Retail Store,1,55000,3,53350,45360.39,7989.61,Net Banking,Meena,Completed,3,8,No,3.9
ORD10568,11/02/2026,Female,6276903132,Bangalore,Karnataka,Smartphone,Electronics,Small Business,Distributor,2,32000,3,62080,50920.11,11159.89,Cash,Meena,Pending,,12,No,2.3
ORD10569,07/08/2025,Other,9325187403,Chennai,Tamil Nadu,Smartphone,Electronics,Enterprise,Online,3,32000,8,88320,62872.64,25447.36,Debit Card,Vijay,Returned,2,1,Yes,4.6
ORD10570,26/05/2025,Male,7281346811,Pune,Maharashtra,Tablet,Electronics,Enterprise,Direct Sales,5,28000,15,119000,92717.15,26282.85,Cash,Divya,Cancelled,2,1,Yes,4.7
ORD10571,06/03/2026,Other,9366641864,Delhi,Delhi,Tablet,Electronics,Corporate,Direct Sales,5,28000,3,135800,93473.14,42326.86,Debit Card,Anitha,Returned,1,9,Yes,2.2
ORD10572,21/11/2025,Male,8145102785,Madurai,Tamil Nadu,SSD,Storage,Small Business,Online,3,6500,5,18525,15197.81,3327.19,EMI,Vijay,Cancelled,5,12,Yes,5
ORD10573,12/07/2025,Male,8581032092,Trichy,Tamil Nadu,Keyboard,Accessories,Enterprise,Retail Store,2,1800,0,3600,2420.89,1179.11,Debit Card,Divya,Pending,,10,Yes,3.1
ORD10574,08/05/2025,Female,7762597948,Chennai,Tamil Nadu,Printer,Office Equipment,Small Business,Distributor,5,12000,5,57000,44430.03,12569.97,Cash,Vijay,Cancelled,1,3,No,3.3
ORD10575,19/10/2025,Other,7216542443,Kochi,Kerala,Keyboard,Accessories,Consumer,Online,,1800,10,4860,3912.9,947.1,UPI,Priya,Completed,5,7,Yes,3.5
ORD10576,19/08/2026,Female,6909979573,Kochi,Kerala,SSD,Storage,Corporate,Direct Sales,2,6500,15,11050,9445.6,1604.4,Cash,Vijay,Completed,2,8,Yes,3.1
ORD10577,18/08/2025,Other,7136014867,Coimbatore,Tamil Nadu,Smartphone,Electronics,Small Business,Direct Sales,7,32000,0,224000,189393.8,34606.2,EMI,Divya,Completed,4,1,Yes,2.1
ORD10578,09/08/2026,Female,6827470134,Kochi,Kerala,Printer,Office Equipment,Enterprise,Online,6,12000,5,68400,47584.7,20815.3,Cash,Vijay,Pending,,7,Yes,3.2
ORD10579,29/12/2026,Other,8477911581,Kochi,Kerala,Printer,Office Equipment,Enterprise,Distributor,3,12000,8,33120,24315.58,8804.42,Cash,Karthik,Cancelled,2,2,Yes,2.1
ORD10580,11/07/2026,Male,9188324405,Madurai,Tamil Nadu,Laptop,Electronics,Corporate,Direct Sales,3,55000,0,165000,126776.75,38223.25,EMI,Sneha,Pending,2,11,Yes,2.9
ORD10581,22/02/2025,Other,6099389087,Mumbai,Maharashtra,Webcam,Accessories,Consumer,Online,7,3500,20,19600,16721.62,2878.38,Net Banking,Anitha,Completed,1,3,No,2.8
ORD10582,01/08/2025,Male,7777021820,Bangalore,Karnataka,Keyboard,Accessories,Consumer,Direct Sales,2,1800,8,3312,2961.75,350.25,EMI,Priya,Pending,,7,No,4.7
ORD10583,02/07/2025,Male,6503400821,Hyderabad,Telangana,Smartphone,Electronics,Small Business,Distributor,3,32000,5,91200,59753.63,31446.37,Net Banking,Anitha,Completed,2,9,No,4.8
ORD10584,09/06/2026,Male,9859338963,Madurai,Tamil Nadu,Mouse,Accessories,Corporate,Online,1,900,10,810,562.98,247.02,Debit Card,Karthik,Pending,1,12,Yes,2.8
ORD10585,30/10/2026,Female,8201843093,Mumbai,Maharashtra,Smartphone,Electronics,Enterprise,Retail Store,2,32000,5,60800,50556.16,10243.84,Debit Card,Karthik,Pending,,12,No,4.9
ORD10586,15/05/2026,Other,9208681024,Madurai,Tamil Nadu,Monitor,Electronics,Small Business,Distributor,5,18000,3,87300,72952.55,14347.45,Cash,Priya,Returned,4,4,No,3.1
ORD10587,17/09/2025,Other,9550591114,Trichy,Tamil Nadu,Monitor,Electronics,Small Business,Direct Sales,3,18000,0,54000,45896.94,8103.06,UPI,Priya,Pending,3,7,Yes,3.1
ORD10588,18/11/2025,Other,6046819541,Mumbai,Maharashtra,Monitor,Electronics,Small Business,Retail Store,6,18000,5,102600,70719.43,31880.57,Net Banking,Anitha,Cancelled,,9,Yes,3.2
ORD10589,15/09/2026,Other,7811403045,Mumbai,Maharashtra,SSD,Storage,Enterprise,Distributor,4,6500,0,26000,19620.38,6379.62,Debit Card,Divya,Pending,1,8,No,2.1
ORD10590,08/09/2026,Male,8475678519,Coimbatore,Tamil Nadu,Headset,Accessories,Consumer,Distributor,2,2200,0,4400,3206.14,1193.86,UPI,Anitha,Completed,4,5,Yes,4.5
ORD10591,13/03/2025,Other,7292777757,Chennai,Tamil Nadu,Tablet,Electronics,Small Business,Distributor,1,28000,5,26600,21692.89,4907.11,Debit Card,Vijay,Completed,5,6,No,3.8
ORD10592,05/05/2025,Male,6962134345,Pune,Maharashtra,Tablet,Electronics,Consumer,Online,8,28000,8,206080,184504.62,21575.38,Credit Card,Priya,Cancelled,,12,No,2.7
ORD10593,06/01/2025,Male,6475897833,Mumbai,Maharashtra,Monitor,Electronics,Consumer,Distributor,6,18000,20,86400,90362.66,-3962.66,UPI,Rahul,Cancelled,,10,No,2.8
ORD10594,01/06/2025,Other,6525589358,Hyderabad,Telangana,Keyboard,Accessories,Corporate,Direct Sales,8,1800,0,14400,9364.45,5035.55,EMI,Meena,Cancelled,,12,No,2.7
ORD10595,06/09/2025,Other,,Pune,Maharashtra,Headset,Accessories,Consumer,Direct Sales,2,2200,5,4180,3317.79,862.21,UPI,Divya,Completed,,4,No,4.5
ORD10596,28/08/2026,Female,9043037430,Trichy,Tamil Nadu,Mouse,Accessories,Enterprise,Retail Store,2,900,5,1710,1206.14,503.86,Cash,Priya,Pending,2,6,No,4.9
ORD10597,12/03/2025,Other,7319185369,Kochi,Kerala,SSD,Storage,Consumer,Retail Store,4,6500,20,20800,18617.28,2182.72,Net Banking,Priya,Completed,2,1,No,2.6
ORD10598,18/07/2026,Male,6646908170,Trichy,Tamil Nadu,Laptop,Electronics,Enterprise,Direct Sales,8,55000,5,418000,300845.11,117154.89,Cash,Sneha,Completed,4,5,No,2.3
ORD10599,30/06/2025,Other,8120065562,Coimbatore,Tamil Nadu,Tablet,Electronics,SMB,Online,4,28000,5,106400,74532.41,31867.59,EMI,Arun,Pending,1,4,Yes,2.2
ORD10600,14/04/2025,Other,9074437748,Madurai,Tamil Nadu,Laptop,Electronics,Enterprise,Direct Sales,5,55000,3,266750,174845.93,91904.07,Net Banking,Priya,Pending,,12,No,3.5
ORD10601,03/09/2026,Male,6794907488,Mumbai,Maharashtra,Keyboard,Accessories,Enterprise,Distributor,6,1800,15,9180,7442.48,1737.52,EMI,Divya,Pending,3,11,Yes,2.5
ORD10602,15/03/2026,Female,9784972278,Trichy,Tamil Nadu,Printer,Office Equipment,Small business,Retail Store,3,12000,0,36000,28074.51,7925.49,EMI,Arun,Cancelled,4,10,Yes,3.5
ORD10603,04/08/2026,Other,8160997637,Trichy,Tamil Nadu,Mouse,Accessories,Corporate,Retail Store,2,900,0,1800,1469.78,330.22,UPI,Priya,Cancelled,,6,No,3.5
ORD10604,09/01/2026,Female,9050101734,Chennai ,Kerala,Printer,Office Equipment,Small Business,Direct Sales,5,12000,15,51000,44205.5,6794.5,UPI,Rahul,Completed,2,7,Yes,4
ORD10605,14/12/2026,Other,6383428853,Delhi,Delhi,Keyboard,Accessories,Corporate,Direct Sales,8,1800,0,14400,9772.54,4627.46,EMI,Priya,Cancelled,,11,No,5
ORD10606,06/12/2025,Female,7328533462,Hyderabad,Telangana,Webcam,Accessories,Corporate,Online,5,3500,15,14875,12315.15,2559.85,Cash,Suresh,Cancelled,5,2,No,4.4
ORD10607,26/05/2026,Other,6645223267,Delhi,Delhi,SSD,Storage,Small Business,Retail Store,5,6500,0,32500,27711.87,4788.13,Debit Card,Meena,Cancelled,1,5,Yes,3.4
ORD10608,06/01/2025,Male,7079898502,Pune,Maharashtra,Mouse,Accessories,Corporate,Distributor,2,900,0,1800,1326.97,473.03,Debit Card,Suresh,Pending,1,12,No,2.4
ORD10609,30/04/2026,Female,7714179840,Coimbatore,Tamil Nadu,Mouse,Accessories,Consumer,Distributor,2,900,5,1710,1210.55,499.45,Debit Card,Anitha,Cancelled,2,10,No,4
ORD10610,14/09/2025,Male,7293052593,Madurai,Tamil Nadu,Printer,Office Equipment,Small Business,Online,3,12000,15,30600,28952.59,1647.41,Debit Card,Anitha,Returned,5,3,No,4.3
ORD10611,17/11/2025,Female,7521250993,Bangalore,Karnataka,Tablet,Electronics,Enterprise,Direct Sales,3,28000,10,75600,60988.73,14611.27,Net Banking,Vijay,Returned,1,9,Yes,4.9
ORD10612,06/09/2025,Male,8666701128,Bangalore,Karnataka,Tablet,Electronics,Small Business,Online,3,28000,10,75600,70362.07,5237.93,Net Banking,Karthik,Returned,,1,No,4.4
ORD10613,28/10/2026,Male,9530205991,Bangalore,Tamil Nadu,Webcam,Accessories,Small Business,Direct Sales,1,3500,0,3500,2215.94,1284.06,EMI,Sneha,Completed,1,12,Yes,4.1
ORD10614,23/11/2026,Other,7335265924,Hyderabad,Telangana,Webcam,Accessories,Consumer,Direct Sales,8,3500,3,27160,18862.21,8297.79,Cash,Divya,Completed,1,1,Yes,3.8
ORD10615,01/05/2026,Female,6239028498,Kochi,Kerala,Monitor,Electronics,Consumer,Distributor,2,18000,-5,34920,24085.1,10834.9,Net Banking,Meena,Pending,2,9,No,4.5
ORD10616,23/01/2025,Male,8196940190,Madurai,Tamil Nadu,Smartphone,Electronics,Corporate,Direct Sales,2,32000,8,58880,41926.34,16953.66,Net Banking,Rahul,Cancelled,,2,No,3.1
ORD10617,21/04/2026,Male,7217289176,Coimbatore,Tamil Nadu,Headset,Accessories,Enterprise,Online,7,2200,15,13090,12504.26,585.74,Cash,Vijay,Completed,5,5,Yes,3.9
ORD10618,25/04/2026,Male,6679955714,Trichy,Tamil Nadu,SSD,Storage,Small Business,Retail Store,1,6500,5,6175,5531.96,643.04,Debit Card,Suresh,Returned,5,2,Yes,4
ORD10619,24/05/2025,Female,6292960178,Madurai,Tamil Nadu,Printer,Office Equipment,Enterprise,Direct Sales,6,12000,8,66240,56998.35,9241.65,Net Banking,Anitha,Pending,5,12,No,2.4
ORD10620,18/02/2026,Other,6683671517,Madurai,Tamil Nadu,Printer,Office Equipment,Corporate,Online,6,12000,10,64800,55309.97,9490.03,EMI,Priya,Returned,,8,No,4.3
ORD10621,07/03/2026,Female,6491661170, CHENNAI ,Karnataka,Mouse,Accessories,Consumer,Online,3,900,15,2295,2252.32,42.68,Net Banking,Sneha,Completed,2,6,Yes,4.1
ORD10622,25/03/2026,Male,9187526779,Hyderabad,Telangana,Tablet,Electronics,Corporate,Direct Sales,4,28000,3,108640,76227.06,32412.94,Cash,Divya,Completed,5,1,Yes,2.6
ORD10623,14/07/2026,Other,9135227816,Chennai,Tamil Nadu,Keyboard,Accessories,Enterprise,Retail Store,6,1800,20,8640,7753.61,886.39,Credit Card,Anitha,Returned,5,6,No,3.9
ORD10624,21/01/2026,Male,9360328120,chennai,Telangana,Webcam,Accessories,Small Business,Online,2,3500,8,6440,5058.22,1381.78,UPI,Meena,Pending,1,10,No,2.1
ORD10625,11/06/2025,Other,7036798229,Pune,Maharashtra,Headset,Accessories,Small Business,Direct Sales,7,2200,15,13090,10870.82,2219.18,Cash,Arun,Completed,5,8,No,4
ORD10626,02/03/2025,F,7415660595,Bengaluru,Delhi,Laptop,Electronics,Consumer,Retail Store,7,55000,5,365750,257227.24,108522.76,Net Banking,Priya,Completed,3,2,No,3.8
ORD10627,12/02/2025,Other,6967420073,Bangalore,Karnataka,SSD,Storage,Small Business,Direct Sales,8,6500,3,50440,35615.94,14824.06,Net Banking,Rahul,Pending,1,1,Yes,4.3
ORD10628,19/01/2025,Female,9288577072,Kochi,Kerala,Mouse,Accessories,Enterprise,Retail Store,7,900,15,5355,4939.6,415.4,Net Banking,Vijay,Pending,1,8,Yes,4.7
ORD10629,01/03/2025,Other,6043162941,Delhi,Delhi,Printer,Office Equipment,Corporate,Direct Sales,4,12000,5,,34788.77,10811.23,EMI,Suresh,Completed,1,12,Yes,4.4
ORD10630,14/02/2025,Other,9824344960,Chennai,Tamil Nadu,Monitor,Electronics,Corporate,Distributor,3,18000,8,49680,35820.49,13859.51,Credit Card,Anitha,Returned,4,11,Yes,4
ORD10631,01/01/2026,Female,9350969592,Pune,Maharashtra,Monitor,Electronics,Small Business,Retail Store,4,18000,8,66240,56826.81,9413.19,Cash,Rahul,Cancelled,,9,Yes,2.2
ORD10632,21/05/2025,Other,8374969448,Madurai,Tamil Nadu,Tablet,Electronics,Corporate,Online,8,28000,5,212800,143097.26,69702.74,Debit Card,Karthik,Completed,2,12,No,3.9
ORD10633,04/10/2025,Female,9552706111,Bangalore,Karnataka,Smartphone,Electronics,Consumer,Online,1,32000,8,29440,26262.98,3177.02,Debit Card,Anitha,Returned,4,1,No,3.2
ORD10634,18/03/2026,Male,8325935958,Mumbai,Maharashtra,Laptop,Electronics,Small Business,Online,4,55000,8,202400,146137.73,56262.27,Cash,Sneha,Cancelled,5,4,Yes,3
ORD10635,28/02/2025,Other,8911856946,Coimbatore,Tamil Nadu,SSD,Storage,Small Business,Direct Sales,7,6500,20,36400,36173.15,226.85,Net Banking,Anitha,Cancelled,2,7,No,4.2
ORD10636,08/10/2025,Female,7449690416,Hyderabad,Telangana,Mouse,Accessories,Enterprise,Online,1,900,5,855,730.71,124.29,Cash,Rahul,Cancelled,3,11,No,4.3
ORD10637,25/11/2025,Female,6074159865,Chennai,Tamil Nadu,SSD,Storage,Enterprise,Online,2,6500,5,12350,9833.54,2516.46,Net Banking,Arun,Cancelled,4,11,Yes,3.2
ORD10638,07/03/2025,Female,7114719256,Bangalore,Karnataka,SSD,Storage,Enterprise,Retail Store,5,6500,10,29250,24451.29,4798.71,Credit Card,Karthik,Pending,5,11,Yes,2.7
ORD10639,21/07/2026,Other,7112631668,Hyderabad,Telangana,Laptop,Electronics,Small Business,Online,8,55000,10,396000,306310.52,89689.48,EMI,Sneha,Completed,5,4,No,2.3
ORD10640,28/07/2025,Other,7786576136,Trichy,Tamil Nadu,Webcam,Accessories,Consumer,Direct Sales,2,3500,10,6300,4470.12,1829.88,Debit Card,Karthik,Completed,3,10,No,3
ORD10641,14/06/2025,Male,9916463262,Delhi,Delhi,Tablet,Electronics,Corporate ,Online,8,28000,5,212800,172314.22,40485.78,Cash,Divya,Cancelled,5,12,No,4.8
ORD10642,26/01/2026,Male,8428384750,Madurai,Tamil Nadu,Tablet,Electronics,Enterprise,Online,1,28000,15,23800,22240.47,1559.53,Cash,Arun,Returned,,9,No,3
ORD10643,06/01/2026,Other,6495711899,Madurai,Tamil Nadu,Mouse,Accessories,Corporate,Direct Sales,5,900,3,4365,3144.98,1220.02,EMI,Vijay,Cancelled,1,6,Yes,4.7
ORD10644,24/08/2025,Male,9334819924,Madurai,Tamil Nadu,Smartphone,Electronics,Enterprise,Retail Store,4,32000,8,117760,103515.26,14244.74,Cash,Rahul,Cancelled,3,6,Yes,2.2
ORD10645,22/07/2025,Male,6518784128,Kochi,Kerala,Tablet,Electronics,Enterprise,Distributor,3,28000,10,75600,62043.08,13556.92,Cash,Meena,Completed,2,1,No,2.1
ORD10646,02/02/2026,Female,8993285955,Bangalore,Karnataka,Keyboard,Accessories,Corporate,Distributor,3,1800,10,4860,4471.48,388.52,UPI,Sneha,Cancelled,,10,Yes,5
ORD10647,08/10/2026,Female,9254125195,Bangalore,Karnataka,Laptop,Electronics,Enterprise,Retail Store,6,55000,8,303600,276725.4,26874.6,EMI,Karthik,Completed,2,1,No,4
ORD10648,26/08/2026,Female,8118679324,Coimbatore,Tamil Nadu,Smartphone,Electronics,Small Business,Online,6,32000,8,176640,127183.36,49456.64,Cash,Suresh,Returned,3,6,No,3
ORD10649,04/08/2025,Other,9777783416,Hyderabad,Telangana,Keyboard,Accessories,Small Business,Online,1,1800,20,1440,1524.26,-84.26,Debit Card,Rahul,Pending,1,5,No,3.5
ORD10650,19/04/2025,Male,6412213852,Hyderabad,Telangana,Mouse,Accessories,Corporate,Retail Store,5,900,5,4275,3857.91,417.09,UPI,Anitha,Completed,5,9,Yes,2
ORD10651,08/08/2026,Other,6541933397,Delhi,Delhi,Laptop,Electronics,Enterprise,Distributor,4,55000,5,209000,186127.35,22872.65,UPI,Priya,Returned,4,8,No,2.3
ORD10652,16/08/2025,Male,8177806862,Pune,Maharashtra,Keyboard,Accessories,Small Business,Distributor,2,1800,5,3420,2926.35,493.65,Net Banking,Suresh,Completed,,12,No,4.7
ORD10653,22/11/2025,Other,8694168784,Coimbatore,Tamil Nadu,Laptop,Electronics,Consumer,Retail Store,2,55000,15,93500,89166.81,4333.19,Credit Card,Anitha,Returned,2,11,Yes,2.8
ORD10654,15/05/2025,Other,9681460410,Trichy,Tamil Nadu,Keyboard,Accessories,Corporate,Online,3,1800,15,4590,3991.76,598.24,Net Banking,Priya,Returned,5,10,Yes,4.1
ORD10655,21/08/2026,Female,8278313244,Bangalore,Tamil Nadu,Laptop,Electronics,Corporate,Distributor,5,55000,10,247500,195599.16,51900.84,Credit Card,Rahul,Returned,4,11,No,3.8
ORD10656,22/10/2025,Male,8845064468,Trichy,Tamil Nadu,Webcam,Accessories,Enterprise,Online,5,3500,-5,17500,11769.51,5730.49,Credit Card,Meena,Cancelled,,2,No,4.1
ORD10657,29/08/2025,Other,6923873975,Trichy,Tamil Nadu,Keyboard,Accessories,Enterprise,Online,8,1800,10,12960,10351.88,2608.12,Cash,Sneha,Cancelled,,6,No,3.2
ORD10658,02/10/2025,Female,9876543210,Coimbatore,Tamil Nadu,Smartphone,Electronics,Consumer,Distributor,7,32000,5,212800,187928.94,24871.06,Net Banking,Vijay,Pending,5,3,Yes,4.3
ORD10659,21/01/2025,Male,9351936476,Madurai,Tamil Nadu,Monitor,Electronics,Small Business,Distributor,6,18000,3,104760,82640.59,22119.41,Cash,Priya,Completed,5,4,No,3.6
ORD10660,25/10/2025,Female,6926059797,Kochi,Kerala,Keyboard,Accessories,Corporate,Online,7,1800,20,10080,9982.69,97.31,UPI,Arun,Completed,5,7,No,2.1
ORD10661,06/12/2026,Other,6531041899,Pune,Maharashtra,Headset,Accessories,Enterprise,Direct Sales,1,2200,3,2134,1697.46,436.54,Credit Card,Rahul,Completed,1,2,No,2.1
ORD10662,05/02/2026,Female,7826016991,Madurai,Tamil Nadu,Webcam,Accessories,Consumer,Distributor,3,3500,0,10500,8364.4,2135.6,Debit Card,Meena,Pending,1,5,No,3.1
ORD10663,10/05/2026,Other,7050609306,Bengaluru,Karnataka,Tablet,Electronics,Enterprise,Online,4,28000,8,103040,84519.58,18520.42,Net Banking,Vijay,Cancelled,5,12,Yes,3.4
ORD10664,14/01/2026,Other,7334059024,Chennai ,Tamil Nadu,SSD,Storage,Small Business,Retail Store,7,6500,20,36400,30744.7,5655.3,EMI,Priya,Completed,5,3,Yes,4.6
ORD10665,24/09/2026,Male,6253115128,Madurai,Tamil Nadu,Smartphone,Electronics,Enterprise,Distributor,4,32000,0,128000,83701.67,44298.33,Net Banking,Rahul,Cancelled,2,1,No,4.1
ORD10666,30/07/2026,Female,8800355735,Coimbatore,Tamil Nadu,SSD,Storage,Corporate,Distributor,1,6500,5,6175,5107.02,1067.98,Net Banking,Meena,Completed,1,7,Yes,3.1
ORD10667,27/04/2025,Male,8689357814,Hyderabad,Telangana,Laptop,Electronics,Enterprise,Retail Store,2,55000,3,106700,73410.5,33289.5,EMI,Suresh,Returned,4,1,No,2.4
ORD10668,01/08/2026,Female,8247346962,Pune,Maharashtra,Headset,Accessories,Corporate,Distributor,6,2200,10,11880,11002.08,877.92,Cash,Anitha,Cancelled,4,8,Yes,4.8
ORD10669,03/07/2025,Male,7339344787,Hyderabad,Telangana,Keyboard,Accessories,Corporate,Retail Store,8,1800,0,14400,10025.93,4374.07,EMI,Priya,Returned,3,2,Yes,3.9
ORD10670,20/08/2025,Male,7179314760,Hyderabad,Telangana,SSD,Storage,Small Business,Direct Sales,2,6500,5,12350,10045.39,2304.61,Cash,Rahul,Cancelled,5,7,No,3.7
ORD10671,14/10/2025,Male,6544189915,Bangalore,Karnataka,Mouse,Accessories,Enterprise,Distributor,3,900,0,2700,2147.47,552.53,Cash,Anitha,Cancelled,,10,No,2.6
ORD10672,22/09/2026,Female,9756438921,Mumbai,Maharashtra,Laptop,Electronics,Consumer,Distributor,4,55000,0,220000,185480.09,34519.91,UPI,Arun,Pending,5,8,No,4
ORD10673,22/01/2026,Female,7339006857,Pune,Maharashtra,Printer,Office Equipment,Small Business,Online,2,12000,3,23280,18106.44,5173.56,Cash,Divya,Pending,,5,Yes,4.5
ORD10674,03/12/2026,Other,7495423827,Trichy,Tamil Nadu,Webcam,Accessories,Corporate,Online,8,3500,15,23800,22661.85,1138.15,Debit Card,Meena,Cancelled,,7,Yes,3.9
ORD10675,11/01/2025,Other,6837040208,Coimbatore,Tamil Nadu,Mouse,Accessories,Consumer,Distributor,6,900,3,5238,4557.42,680.58,Debit Card,Priya,Cancelled,3,9,Yes,3.8
ORD10676,14/12/2026,Other,6245788095,Pune,Maharashtra,Laptop,Electronics,Consumer,Direct Sales,8,55000,8,404800,277437.68,127362.32,Cash,Meena,Returned,2,8,Yes,2.1
ORD10677,15/05/2025,M,7904294032,Madurai,Tamil Nadu,Laptop,Electronics,Consumer,Distributor,3,55000,15,140250,131453.37,8796.63,UPI,Suresh,Cancelled,2,11,Yes,3
ORD10678,12/11/2026,Male,6828670718,Hyderabad,Telangana,Printer,Office Equipment,Corporate,Distributor,6,12000,,64800,44884.88,19915.12,UPI,Karthik,Returned,1,5,Yes,4.1
ORD10679,26/12/2025,Other,9591046313,Hyderabad,Telangana,Tablet,Electronics,Consumer,Direct Sales,1,28000,5,26600,19199.69,7400.31,UPI,Priya,Completed,2,12,Yes,2.6
ORD10680,16/10/2026,Other,7059706389,Chennai,Tamil Nadu,SSD,Storage,Small Business,Retail Store,3,6500,20,15600,12138.85,3461.15,EMI,Karthik,Cancelled,1,7,No,2.5
ORD10681,12/07/2025,Female,7113917336,Madurai,Tamil Nadu,Keyboard,Accessories,Enterprise,Distributor,6,1800,8,9936,7281.69,2654.31,UPI,Meena,Cancelled,5,6,No,4.3
ORD10682,23/08/2026,Other,6904789816,Trichy,Tamil Nadu,Webcam,Accessories,Enterprise,Distributor,3,3500,0,10500,8903.16,1596.84,EMI,Rahul,Pending,3,12,No,2.3
ORD10683,29/04/2025,Female,6600502063,Pune,Maharashtra,Mouse,Accessories,Enterprise,Distributor,4,900,8,3312,2457.37,854.63,Debit Card,Anitha,Returned,,10,Yes,3
ORD10684,09/12/2025,Male,9921944333,chennai,Delhi,Monitor,Electronics,Small Business,Distributor,1,18000,3,17460,12980.48,4479.52,Credit Card,Meena,Pending,1,8,No,3.8
ORD10685,18/01/2026,Other,7722939481,Coimbatore,Tamil Nadu,Tablet,Electronics,Small Business,Online,8,28000,20,179200,151975.33,27224.67,Credit Card,Suresh,Completed,4,7,No,4.9
ORD10686,04/11/2025,Male,8439491050,Madurai,Tamil Nadu,Tablet,Electronics,Corporate,Retail Store,1,28000,3,27160,20802.01,6357.99,EMI,Sneha,Completed,1,5,Yes,4.4
ORD10687,01/06/2025,Female,6345209162,Coimbatore,Tamil Nadu,Smartphone,Electronics,Corporate,Retail Store,3,32000,8,88320,59539.43,28780.57,Credit Card,Vijay,Completed,,4,Yes,4.1
ORD10688,28/04/2026,Other,6912645659,Chennai,Tamil Nadu,Printer,Office Equipment,Enterprise,Direct Sales,8,12000,3,93120,67462.16,25657.84,Net Banking,Divya,Completed,4,3,No,4.3
ORD10689,11/03/2026,Male,7489783227,Coimbatore,Tamil Nadu,Keyboard,Accessories,Enterprise,Online,6,1800,5,10260,8820.9,1439.1,Credit Card,Anitha,Pending,2,6,No,3
ORD10690,22/05/2025,Male,7296813490,Madurai,Tamil Nadu,Laptop,Electronics,Enterprise,Online,7,55000,0,385000,298351.34,86648.66,Debit Card,Vijay,Pending,4,3,No,2.9
ORD10691,12/02/2026,Female,98765ABCDE,Chennai,Tamil Nadu,Smartphone,Electronics,Consumer,Distributor,5,32000,8,147200,106093.49,41106.51,EMI,Priya,Returned,1,3,No,2.4
ORD10692,18/11/2026,Female,7825280355,Coimbatore,Tamil Nadu,Webcam,Accessories,Small Business,Online,8,3500,0,28000,20626.86,7373.14,Cash,Meena,Cancelled,4,12,No,4.5
ORD10693,28/01/2026,Male,7447900854,Bangalore,Karnataka,Printer,Office Equipment,Small Business,Retail Store,3,12000,8,33120,26913.99,6206.01,Cash,Anitha,Returned,4,1,No,2.8
ORD10694,06/09/2026,Female,7449387152,Trichy,Tamil Nadu,Monitor,Electronics,Small Business,Online,8,18000,5,136800,91010.54,45789.46,Cash,Rahul,Pending,3,6,No,2.1
ORD10695,07/02/2025,Male,6752622784,Pune,Maharashtra,Printer,Office Equipment,Consumer,Online,1,12000,10,10800,7761.65,3038.35,Credit Card,Karthik,Returned,4,5,No,4.9
ORD10696,17/01/2026,Other,8739392341,Mumbai,Maharashtra,SSD,Storage,Consumer,Direct Sales,8,6500,0,52000,33195.17,18804.83,Cash,Priya,Cancelled,,12,No,3.3
ORD10697,23/03/2025,Other,7120882285,Hyderabad,Telangana,Laptop,Electronics,Small Business,Retail Store,5,55000,15,233750,213591.1,20158.9,EMI,Arun,Cancelled,5,8,Yes,4.3
ORD10698,16/02/2025,Other,7223689891,Pune,Maharashtra,Tablet,Electronics,Small Business,Online,3,28000,5,79800,62191.51,17608.49,Net Banking,Divya,Completed,4,11,Yes,2.8
ORD10699,19/01/2025,Male,8625884078,Madurai,Tamil Nadu,Smartphone,Electronics,Small Business,Direct Sales,6,32000,0,192000,129238.6,62761.4,Cash,Vijay,Cancelled,5,7,No,4.8
ORD10700,01/04/2026,Male,8285954954,Delhi,Delhi,Laptop,Electronics,Corporate,Direct Sales,6,55000,5,313500,232032.21,81467.79,Debit Card,Vijay,Completed,,10,Yes,3.9
ORD10701,27/06/2026,Female,7939174219,Delhi,Delhi,Webcam,Accessories,Enterprise,Online,2,3500,3,6790,5596.66,1193.34,Credit Card,Anitha,Pending,5,6,No,3.2
ORD10702,05/07/2026,Male,6416525159,Pune,Maharashtra,Laptop,Electronics,Enterprise,Retail Store,8,55000,3,426800,312430.03,114369.97,Credit Card,Priya,Cancelled,2,3,No,3.7
ORD10703,07/01/2026,Other,8300500642,Mumbai,Maharashtra,Printer,Office Equipment,Enterprise,Retail Store,7,12000,10,75600,57702.22,17897.78,Net Banking,Meena,Returned,3,8,Yes,4.8
ORD10704,09/12/2025,Other,9896741733,Coimbatore,Tamil Nadu,Keyboard,Accessories,Consumer,Direct Sales,5,1800,0,9000,6730.56,2269.44,Cash,Vijay,Returned,4,4,Yes,3.9
ORD10705,23/02/2026,Male,6714935402,Madurai,Tamil Nadu,Keyboard,Accessories,Enterprise,Online,2,1800,10,3240,2724.99,515.01,Debit Card,Arun,Returned,5,9,Yes,4.6
ORD10706,29/06/2025,Female,6569727653,Trichy,Tamil Nadu,Keyboard,Accessories,Small Business,Online,6,1800,15,9180,8963.09,216.91,UPI,Divya,Returned,4,4,No,5
ORD10707,06/12/2025,Other,6299970281,Trichy,Tamil Nadu,Keyboard,Accessories,Consumer,Online,2,1800,20,2880,2753.86,126.14,EMI,Vijay,Returned,4,2,No,4.9
ORD10708,03/03/2025,Female,7715536378,Bangalore,Karnataka,Webcam,Accessories,Enterprise,Direct Sales,1,3500,8,3220,2573.88,646.12,UPI,Priya,Pending,3,10,Yes,4.2
ORD10709,10/05/2026,Female,8757521784,Coimbatore,Tamil Nadu,Printer,Office Equipment,Consumer,Direct Sales,6,12000,3,69840,60416.2,9423.8,EMI,Meena,Pending,3,6,No,4.1
ORD10710,06/02/2025,Female,6111413563,Trichy,Tamil Nadu,Printer,Office Equipment,Corporate,Distributor,5,12000,10,54000,41164.31,12835.69,Cash,Sneha,Cancelled,3,12,Yes,3.7
ORD10711,13/12/2026,Female,9690010945,Trichy,Tamil Nadu,Headset,Accessories,Enterprise,Distributor,8,2200,15,14960,12157.57,2802.43,EMI,Divya,Completed,2,10,No,2.4
ORD10712,14/06/2026,Male,7478385903,Pune,Maharashtra,Laptop,Electronics,Corporate,Distributor,6,55000,15,280500,244880.45,35619.55,Cash,Sneha,Returned,4,11,Yes,4.6
ORD10713,08/03/2025,Male,6963404085,Hyderabad,Telangana,Smartphone,Electronics,Corporate,Distributor,8,32000,8,235520,159594.45,75925.55,Cash,Priya,Pending,3,8,No,3.7
ORD10714,12/11/2026,Female,8179337292,Kochi,Kerala,Laptop,Electronics,Consumer,Distributor,4,55000,15,,147093.58,39906.42,Cash,Suresh,Completed,1,8,Yes,2.7
ORD10715,01/07/2025,Other,7191752750,Mumbai,Maharashtra,Keyboard,Accessories,Consumer,Retail Store,4,1800,15,6120,5703.63,416.37,EMI,Priya,Pending,5,5,Yes,2.6
ORD10716,22/02/2025,Male,8054278779,Madurai,Tamil Nadu,Mouse,Accessories,Consumer,Direct Sales,8,900,8,6624,4633.81,1990.19,UPI,Meena,Pending,1,9,Yes,3.8
ORD10717,25/04/2025,Other,9460738035,Madurai,Tamil Nadu,Headset,Accessories,Enterprise,Online,1,2200,10,1980,1590.91,389.09,Debit Card,Vijay,Cancelled,4,11,Yes,3
ORD10718,29/06/2026,Other,8410611898,Kochi,Kerala,Smartphone,Electronics,Small Business,Direct Sales,5,32000,15,136000,110706.07,25293.93,UPI,Karthik,Returned,1,6,No,3.5
ORD10719,30/03/2026,Male,6831486336,Bangalore,Karnataka,Keyboard,Accessories,Consumer,Retail Store,7,1800,15,10710,8733.23,1976.77,Credit Card,Rahul,Cancelled,3,9,No,2.3
ORD10720,28/11/2025,Male,9660846675,Madurai,Tamil Nadu,Headset,Accessories,Corporate,Retail Store,4,2200,10,7920,6875.03,1044.97,Debit Card,Suresh,Returned,,10,No,4.3
ORD10721,07/11/2025,Female,9121194116,Mumbai,Maharashtra,Headset,Accessories,Small Business,Distributor,5,2200,8,10120,9286.63,833.37,Net Banking,Rahul,Returned,5,7,No,2
ORD10722,24/05/2025,Other,6868498641,Chennai,Tamil Nadu,Tablet,Electronics,Corporate,Distributor,7,28000,5,186200,151898.09,34301.91,Debit Card,Sneha,Completed,3,7,No,3
ORD10723,08/10/2025,Male,7397938996,Mumbai,Maharashtra,Webcam,Accessories,Enterprise,Direct Sales,4,3500,10,12600,10369.89,2230.11,UPI,Vijay,Returned,2,5,No,2.2
ORD10724,19/10/2025,Other,6317779325,Delhi,Delhi,Laptop,Electronics,Small Business,Direct Sales,5,55000,10,247500,194883.62,52616.38,Credit Card,Karthik,Cancelled,5,4,Yes,3.3
ORD10725,26/10/2025,Male,9739736791,Bengaluru,Tamil Nadu,Printer,Office Equipment,Small Business,Distributor,5,12000,10,54000,44846.8,9153.2,Net Banking,Divya,Pending,3,8,Yes,3.4
ORD10726,24/01/2025,Female,7702129805,Mumbai,Maharashtra,Printer,Office Equipment,Enterprise,Online,5,12000,5,57000,45892.08,11107.92,Cash,Arun,Cancelled,1,10,No,5
ORD10727,12/10/2026,Other,6395753393,Delhi,Delhi,Webcam,Accessories,Consumer,Retail Store,8,3500,5,26600,21222.76,5377.24,Cash,Priya,Returned,5,11,Yes,4.3
ORD10728,05/06/2025,Male,8782451009,Pune,Maharashtra,Tablet,Electronics,Small Business,Direct Sales,8,28000,8,206080,186691.77,19388.23,Cash,Vijay,Completed,4,10,No,2
ORD10729,04/06/2025,F,9297585004,Chennai,Tamil Nadu,Tablet,Electronics,Small Business,Direct Sales,1,28000,3,27160,19526.42,7633.58,EMI,Divya,Cancelled,,10,Yes,2.6
ORD10730,01/07/2026,Other,7496880286,Mumbai,Maharashtra,Keyboard,Accessories,Consumer,Distributor,5,1800,3,8730,5797.94,2932.06,Debit Card,Divya,Pending,2,5,Yes,3.3
ORD10731,21/05/2025,Male,7906761288,Mumbai,Maharashtra,Headset,Accessories,Corporate,Direct Sales,4,2200,20,7040,6206.49,833.51,UPI,Meena,Returned,4,4,Yes,4.3
ORD10732,16/08/2026,Male,9249599563,Bangalore,Karnataka,SSD,Storage,Corporate,Online,2,6500,3,12610,9640.91,2969.09,Net Banking,Anitha,Cancelled,,6,No,2.6
ORD10733,25/04/2025,Female,9450626855,Kochi,Kerala,Monitor,Electronics,Enterprise,Direct Sales,6,18000,8,99360,73576.98,25783.02,UPI,Sneha,Cancelled,3,2,No,4.8
ORD10734,04/02/2026,Other,8780388378,Mumbai,Maharashtra,Headset,Accessories,Small Business,Online,2,2200,15,3740,3407.62,332.38,Credit Card,Divya,Pending,5,1,Yes,3.6
ORD10735,03/08/2025,Female,8652378656,Trichy,Tamil Nadu,Keyboard,Accessories,Enterprise,Retail Store,1,1800,0,1800,1373.56,426.44,Net Banking,Karthik,Pending,5,3,Yes,3.1
ORD10736,18/02/2026,Other,7378996901,Hyderabad,Telangana,Monitor,Electronics,Consumer,Online,1,18000,8,16560,12041.61,4518.39,Debit Card,Arun,Returned,1,12,Yes,4.7
ORD10737,22/06/2026,Male,7497510805,Kochi,Kerala,Laptop,Electronics,Corporate,Online,7,55000,20,308000,294002.09,13997.91,Net Banking,Priya,Completed,4,8,No,4.6
ORD10738,15/10/2026,Female,9863533486,Trichy,Tamil Nadu,Webcam,Accessories,Small Business,Retail Store,3,3500,20,8400,8030.24,369.76,Debit Card,Suresh,Cancelled,5,11,Yes,3.4
ORD10739,27/05/2025,Other,6407116477,Mumbai,Maharashtra,SSD,Storage,Enterprise,Distributor,3,6500,3,18915,14498.96,4416.04,Cash,Priya,Pending,2,5,Yes,4.2
ORD10740,14/06/2026,Female,7812566198,Delhi,Delhi,Headset,Accessories,Small Business,Retail Store,8,2200,15,14960,13407.47,1552.53,Cash,Arun,Returned,,1,Yes,4.9
ORD10741,15/06/2025,Other,8064918807,Hyderabad,Telangana,Laptop,Electronics,Enterprise,Distributor,1,55000,20,44000,44590.99,-590.99,Credit Card,Anitha,Returned,4,4,No,3.9
ORD10742,11/06/2026,Female,7464510786,Trichy,Tamil Nadu,Webcam,Accessories,Enterprise,Direct Sales,2,3500,15,5950,4809.23,1140.77,EMI,Priya,Cancelled,5,5,Yes,4.3
ORD10743,14/04/2026,Other,7270079541,Chennai,Tamil Nadu,Tablet,Electronics,Corporate,Distributor,3,28000,0,84000,56658.84,27341.16,Debit Card,Meena,Returned,5,2,Yes,3.2
ORD10744,18/01/2025,Other,8581001737,Mumbai,Maharashtra,Webcam,Accessories,Corporate,Online,3,3500,20,8400,8225.05,174.95,Cash,Sneha,Pending,,9,Yes,3.1
ORD10745,05/06/2025,Male,7195810743,Hyderabad,Telangana,Monitor,Electronics,Consumer,Direct Sales,4,18000,20,57600,60721.61,-3121.61,Debit Card,Vijay,Returned,4,8,No,2.4
ORD10746,16/11/2026,Other,6286967409,Chennai,Tamil Nadu,Headset,Accessories,Consumer,Direct Sales,2,2200,5,4180,3476.01,703.99,Credit Card,Karthik,Returned,2,4,No,4.4
ORD10747,14/03/2025,Female,6530305716,Coimbatore,Tamil Nadu,Tablet,Electronics,Corporate,Retail Store,4,28000,3,108640,91866.76,16773.24,Net Banking,Karthik,Cancelled,3,1,Yes,3.6
ORD10748,02/11/2025,Female,6660036000,Bangalore,Karnataka,Webcam,Accessories,Consumer,Distributor,8,3500,3,27160,21798.03,5361.97,Debit Card,Arun,Returned,3,2,No,3.3
ORD10749,01/04/2025,Female,7036343804,Trichy,Tamil Nadu,Keyboard,Accessories,SMB,Direct Sales,5,1800,3,8730,6709.33,2020.67,Net Banking,Arun,Completed,3,12,No,4.7
ORD10750,01/01/2026,Other,9461707086,Delhi,Delhi,Webcam,Accessories,Enterprise,Retail Store,7,3500,15,20825,20107.42,717.58,Cash,Meena,Pending,5,7,No,2.3
ORD10751,15/11/2026,Male,8535504015,Kochi,Kerala,Smartphone,Electronics,Consumer,Online,7,32000,10,201600,166779.65,34820.35,UPI,Divya,Cancelled,5,11,No,4.4
ORD10752,20/06/2026,Other,9900179544,Delhi,Delhi,Laptop,Electronics,Consumer,Retail Store,8,55000,20,352000,321454.46,30545.54,Cash,Karthik,Completed,,6,Yes,2.9
ORD10753,03/01/2026,Male,7188127446,Chennai,Tamil Nadu,Tablet,Electronics,Enterprise,Online,8,28000,20,179200,186777.18,-7577.18,Debit Card,Meena,Cancelled,2,4,No,4.2
ORD10754,27/12/2025,Female,9559166864,Hyderabad,Telangana,Printer,Office Equipment,Small Business,Online,8,12000,20,76800,61567.55,15232.45,EMI,Priya,Returned,3,10,No,3.9
ORD10755,26/12/2025,Male,6723887498,Mumbai,Maharashtra,Tablet,Electronics,Small Business,Online,5,28000,20,112000,110568.51,1431.49,UPI,Divya,Cancelled,5,12,No,4.3
ORD10756,23/07/2025,Other,7737903065,Hyderabad,Telangana,Webcam,Accessories,Small Business,Retail Store,7,3500,10,22050,19280.34,2769.66,EMI,Sneha,Cancelled,4,3,No,2.3
ORD10757,30/03/2026,Male,8866982243,Madurai,Tamil Nadu,Headset,Accessories,Small Business,Online,2,2200,5,4180,3783.41,396.59,Net Banking,Divya,Pending,2,4,No,3.9
ORD10758,22/01/2025,Female,8389386297,Hyderabad,Telangana,Mouse,Accessories,Corporate,Direct Sales,1,900,5,855,610.63,244.37,Credit Card,Suresh,Returned,,10,No,4.2
ORD10759,29/08/2025,Male,8977267325,Pune,Maharashtra,Printer,Office Equipment,Corporate,Distributor,7,12000,5,79800,59428.61,20371.39,EMI,Divya,Pending,1,9,No,3.6
ORD10760,20/12/2026,Female,7155919325,Madurai,Tamil Nadu,Monitor,Electronics,Consumer,Direct Sales,4,18000,15,61200,50659.36,10540.64,Cash,Meena,Returned,5,7,Yes,4.9
ORD10761,22/12/2025,Male,8929197818,Chennai,Tamil Nadu,Keyboard,Accessories,Small Business,Online,8,1800,10,12960,11175.36,1784.64,EMI,Rahul,Cancelled,,1,No,3.3
ORD10762,06/07/2026,Female,6998856260,Coimbatore,Tamil Nadu,Keyboard,Accessories,Enterprise,Retail Store,4,1800,15,6120,5245.25,874.75,Cash,Anitha,Cancelled,1,10,Yes,4.1
ORD10763,21/09/2026,Other,6692379737,Madurai,Tamil Nadu,Printer,Office Equipment,Corporate,Retail Store,2,12000,20,19200,20509.56,-1309.56,Cash,Karthik,Pending,1,11,No,4.2
ORD10764,03/12/2026,Other,8037564969,Bangalore,Karnataka,Printer,Office Equipment,Corporate,Distributor,2,12000,8,22080,18186.26,3893.74,Credit Card,Priya,Cancelled,3,3,No,4.6
ORD10765,21/08/2025,Female,7940154789,Bangalore,Karnataka,Smartphone,Electronics,Consumer,Distributor,3,32000,5,91200,68768.9,22431.1,UPI,Anitha,Completed,5,1,No,2.3
ORD10766,10/11/2025,Female,9690917194,Kochi,Kerala,Laptop,Electronics,Consumer,Retail Store,1,55000,0,55000,38414.55,16585.45,Credit Card,Anitha,Returned,2,9,Yes,4.9
ORD10767,28/03/2026,Male,9497655886,Hyderabad,Telangana,Monitor,Electronics,Enterprise,Online,6,18000,10,97200,71545.98,25654.02,Cash,Arun,Completed,3,5,Yes,3
ORD10768,10/09/2026,Female,9988334416,Madurai,Tamil Nadu,Keyboard,Accessories,Enterprise,Direct Sales,3,1800,0,5400,3992.96,1407.04,UPI,Suresh,Completed,3,4,No,2.4
ORD10769,07/05/2026,Male,9641162303,Mumbai,Maharashtra,Smartphone,Electronics,Consumer,Distributor,7,32000,0,224000,158143.36,65856.64,Cash,Anitha,Returned,5,11,Yes,2.8
ORD10770,13/03/2026,Male,8106532613,Trichy,Tamil Nadu,Keyboard,Accessories,Consumer,Direct Sales,4,1800,5,6840,6095.66,744.34,UPI,Sneha,Returned,5,7,No,3.5
ORD10771,11/11/2025,Other,6744570204,Chennai,Tamil Nadu,Headset,Accessories,Small Business,Online,1,2200,3,2134,1863.9,270.1,Cash,Arun,COMPLETE,3,7,Yes,3.1
ORD10772,02/07/2025,Male,6423701678,Chennai,Tamil Nadu,Webcam,Accessories,Enterprise,Retail Store,7,3500,15,20825,18179.24,2645.76,Credit Card,Sneha,Completed,,4,No,2.6
ORD10773,07/12/2026,Male,8832935468,Chennai,Tamil Nadu,SSD,Storage,Small Business,Retail Store,1,6500,8,5980,4351.41,1628.59,Net Banking,Divya,Cancelled,4,1,Yes,2.4
ORD10774,29/12/2026,Other,9163817070,Madurai,Tamil Nadu,Mouse,Accessories,Small Business,Direct Sales,5,900,105,4140,3524.83,615.17,EMI,Arun,Returned,4,7,No,4.5
ORD10775,11/12/2026,Male,8847404533,Trichy,Tamil Nadu,Mouse,Accessories,Corporate,Online,5,900,10,4050,2801.26,1248.74,EMI,Priya,Completed,2,8,Yes,2.6
ORD10776,13/12/2026,Female,7222797907,Hyderabad,Telangana,Printer,Office Equipment,Small Business,Online,5,12000,15,51000,47496.34,3503.66,UPI,Vijay,Pending,1,9,No,2.6
ORD10777,23/08/2025,Male,9275090405,Chennai,Tamil Nadu,Webcam,Accessories,Consumer,Retail Store,8,3500,8,25760,18094.79,7665.21,Net Banking,Anitha,Cancelled,4,12,Yes,3.3
ORD10778,22/11/2025,Male,7466076292,Kochi,Kerala,Laptop,Electronics,Small Business,Retail Store,4,55000,20,176000,147510.78,28489.22,Debit Card,Meena,Pending,,1,No,3.1
ORD10779,19/07/2025,Male,9742365255,Kochi,Kerala,Headset,Accessories,Enterprise,Online,2,2200,3,4268,2922.27,1345.73,Credit Card,Anitha,Cancelled,,3,Yes,3.6
ORD10780,15/06/2026,Other,6729780389,Chennai,Tamil Nadu,Printer,Office Equipment,Small Business,Distributor,2,12000,15,20400,15255.16,5144.84,UPI,Karthik,Completed,,4,Yes,3.1
ORD10781,18/08/2025,Other,6317501220,Chennai,Tamil Nadu,SSD,Storage,Consumer,Direct Sales,7,6500,20,36400,34401.15,1998.85,Cash,Vijay,Cancelled,,10,No,3.3
ORD10782,14/10/2026,Female,8304055276,Trichy,Tamil Nadu,Mouse,Accessories,Small Business,Retail Store,5,900,5,4275,3848.54,426.46,Credit Card,Rahul,Pending,4,5,Yes,3.1
ORD10783,25/02/2026,Female,6536974939,Coimbatore,Tamil Nadu,Laptop,Electronics,Small Business,Retail Store,5,55000,3,266750,173308.62,93441.38,Net Banking,Vijay,Returned,4,12,No,3.3
ORD10784,13/02/2026,Male,7056592524,Trichy,Tamil Nadu,Tablet,Electronics,Corporate,Retail Store,6,28000,5,159600,117304.76,42295.24,Cash,Divya,Cancelled,4,9,No,3.1
ORD10785,10/07/2026,Other,7770032700,Mumbai,Maharashtra,Headset,Accessories,Consumer,Retail Store,7,2200,3,14938,11285.98,3652.02,Credit Card,Sneha,Pending,,7,No,2.5
ORD10786,26/06/2025,Male,8754096836,Chennai,Tamil Nadu,Smartphone,Electronics,Enterprise,Retail Store,4,32000,8,117760,96790.31,20969.69,Credit Card,Vijay,Cancelled,4,4,Yes,4.3
ORD10787,08/03/2025,Male,7423818740,Delhi,Delhi,Smartphone,Electronics,Consumer,Distributor,1,32000,15,27200,20585.46,6614.54,Debit Card,Divya,Pending,2,5,Yes,3.1
ORD10788,29/06/2025,Other,6686389035,Madurai,Tamil Nadu,Printer,Office Equipment,Corporate,Retail Store,8,12000,8,88320,67321.82,20998.18,Net Banking,Priya,Returned,2,9,No,4.1
ORD10789,01/04/2026,Female,8030716750,Mumbai,Maharashtra,Headset,Accessories,Enterprise,Direct Sales,2,2200,15,3740,3726.34,13.66,Credit Card,Arun,Cancelled,4,10,Yes,3.3
ORD10790,14/01/2026,Other,7288939172,Trichy,Tamil Nadu,Laptop,Electronics,Enterprise,Retail Store,6,55000,5,313500,282834.97,30665.03,UPI,Divya,Cancelled,3,12,Yes,3.1
ORD10791,16/09/2025,Other,9883852457,Chennai,Tamil Nadu,Smartphone,Electronics,Consumer,Direct Sales,7,32000,3,217280,158514.01,58765.99,Debit Card,Karthik,Completed,,4,No,2.8
ORD10792,04/11/2026,Female,8367704310,Delhi,Delhi,Tablet,Electronics,Consumer,Retail Store,1,28000,5,26600,22399.98,4200.02,Cash,Arun,Completed,3,7,Yes,4.7
ORD10793,15/12/2026,Other,9666298587,Coimbatore,Tamil Nadu,Tablet,Electronics,Enterprise,Direct Sales,1,28000,15,23800,21875.19,1924.81,EMI,Sneha,Pending,3,12,No,3.7
ORD10794,19/11/2026,Other,9847513935,Pune,Maharashtra,Smartphone,Electronics,Consumer,Online,5,32000,0,160000,134272.92,25727.08,Credit Card,Priya,Pending,1,3,No,2.2
ORD10795,14/01/2025,Male,6671061962,Mumbai,Maharashtra,SSD,Storage,Enterprise,Distributor,2,6500,20,10400,8295.28,2104.72,EMI,Priya,Completed,1,12,Yes,2.6
ORD10796,04/01/2025,Male,6214742470,Hyderabad,Telangana,Monitor,Electronics,Consumer,Direct Sales,2,18000,15,30600,30540.03,59.97,Debit Card,Suresh,Pending,4,4,No,3.8
ORD10797,04/03/2025,Male,6341700295,Trichy,Tamil Nadu,Keyboard,Accessories,Corporate,Retail Store,5,1800,15,7650,7040.5,609.5,Debit Card,Karthik,Pending,,2,Yes,2.6
ORD10798,30/08/2026,Other,8751334491,Mumbai,Maharashtra,Printer,Office Equipment,Small Business,Retail Store,3,12000,8,,27808.97,5311.03,Net Banking,Rahul,Cancelled,,4,Yes,4
ORD10799,21/05/2026,Other,9245492559,Pune,Maharashtra,Headset,Accessories,Corporate ,Online,3,2200,0,6600,4189.61,2410.39,EMI,Meena,Completed,,11,Yes,3
ORD10800,23/11/2025,Female,8146173400,Madurai,Tamil Nadu,Printer,Office Equipment,Small Business,Direct Sales,2,12000,10,21600,16391.64,5208.36,Debit Card,Suresh,Pending,2,10,Yes,2.1
ORD10801,17/02/2026,Male,6610241354,Coimbatore,Tamil Nadu,Printer,Office Equipment,Enterprise,Direct Sales,8,12000,8,88320,66993.43,21326.57,UPI,Karthik,Cancelled,4,11,Yes,3.2
ORD10802,08/07/2025,Female,8028462480,Coimbatore,Tamil Nadu,Laptop,Electronics,Corporate,Distributor,3,55000,3,160050,125780.31,34269.69,Debit Card,Divya,Completed,4,7,Yes,2.9
ORD10803,27/05/2026,Female,8859542876,Bengaluru,Maharashtra,Webcam,Accessories,Consumer,Distributor,4,3500,3,13580,10314.76,3265.24,UPI,Priya,Cancelled,,8,No,2.4
ORD10804,12/11/2025,Other,7334068038,Bangalore,Tamil Nadu,Webcam,Accessories,Enterprise,Online,4,3500,8,12880,10328.1,2551.9,Cash,Karthik,Cancelled,3,12,No,4.4
ORD10805,14/01/2026,Female,8956147725,Delhi,Delhi,Keyboard,Accessories,Corporate,Distributor,8,1800,0,14400,8989.21,5410.79,EMI,Meena,Cancelled,5,6,No,4.1
ORD10806,31/08/2025,Female,9824913437,Delhi,Delhi,Keyboard,Accessories,Consumer,Distributor,4,1800,15,6120,5488.42,631.58,Cash,Priya,Returned,2,10,No,2.2
ORD10807,17/07/2025,Female,9641156372,Trichy,Tamil Nadu,Smartphone,Electronics,Consumer,Direct Sales,5,32000,0,160000,116460.22,43539.78,Credit Card,Divya,Completed,3,6,No,3.7
ORD10808,04/07/2026,Other,8598804887,Delhi,Delhi,Headset,Accessories,Consumer,Distributor,8,2200,5,16720,13466.55,3253.45,EMI,Arun,Pending,5,9,No,2.7
ORD10809,28/05/2025,Other,8765908583,Coimbatore,Tamil Nadu,Tablet,Electronics,Enterprise,Online,1,28000,5,,19113.84,7486.16,Debit Card,Meena,Pending,4,11,No,3.7
ORD10810,12/04/2026,Female,,Trichy,Tamil Nadu,SSD,Storage,Corporate,Retail Store,6,6500,0,39000,32949.41,6050.59,Debit Card,Arun,Completed,1,6,No,3.1
ORD10811,28/11/2025,Other,9590907564,Coimbatore,Tamil Nadu,Printer,Office Equipment,Consumer,Distributor,1,12000,15,10200,8690.67,1509.33,Debit Card,Anitha,Completed,5,1,Yes,3.5
ORD10812,01/01/2027,Female,7452377785,Hyderabad,Telangana,Monitor,Electronics,Consumer,Direct Sales,3,18000,0,54000,40255.24,13744.76,Debit Card,Priya,Returned,4,9,Yes,3.6
ORD10813,12/06/2025,Male,6242726537,Hyderabad,Telangana,Tablet,Electronics,Consumer,Online,2,28000,20,44800,37505.5,7294.5,EMI,Divya,Returned,1,1,Yes,4.3
ORD10814,12/10/2026,Other,9287955005,Hyderabad,Telangana,Keyboard,Accessories,Small Business,Direct Sales,6,1800,5,10260,7700.47,2559.53,UPI,Vijay,Completed,1,4,Yes,2.6
ORD10815,19/08/2026,Female,6913875994,Trichy,Tamil Nadu,SSD,Storage,Corporate,Online,1,6500,5,6175,5124.85,1050.15,EMI,Anitha,Cancelled,3,9,No,3.5
ORD10816,24/09/2025,Female,6123770114,Mumbai,Maharashtra,Keyboard,Accessories,Enterprise,Direct Sales,5,1800,5,8550,6002.87,2547.13,Credit Card,Karthik,Completed,1,7,Yes,4.2
ORD10817,08/08/2025,Female,6233506875,Mumbai,Maharashtra,Mouse,Accessories,Corporate,Distributor,5,900,20,3600,3534.93,65.07,Credit Card,Suresh,Completed,3,1,Yes,4.5
ORD10818,02/12/2025,Male,9954887270,Mumbai,Maharashtra,Printer,Office Equipment,Enterprise,Direct Sales,8,12000,15,81600,68472.69,13127.31,Cash,Anitha,Cancelled,,4,Yes,3.8
ORD10819,08/10/2025,Female,9129949804,Chennai,Tamil Nadu,Laptop,Electronics,Corporate,Online,1,55000,20,44000,34248,9752,UPI,Sneha,Pending,,4,No,4.2
ORD10820,01/11/2025,Male,7128398094,Bangalore,Karnataka,Printer,Office Equipment,Enterprise,Retail Store,5,12000,8,55200,46612.21,8587.79,UPI,Arun,Returned,2,1,Yes,2.3
ORD10821,31/07/2026,Male,6279850492,Trichy,Tamil Nadu,Mouse,Accessories,Enterprise,Direct Sales,5,900,5,4275,2814.36,1460.64,UPI,Arun,Returned,4,8,No,2.5
ORD10822,15/10/2025,Male,9444310451,Madurai,Tamil Nadu,Laptop,Electronics,Small Business,Online,1,55000,15,46750,34931.74,11818.26,EMI,Rahul,Pending,2,12,No,4.4
ORD10823,16/05/2026,Female,7563517539,Madurai,Tamil Nadu,Laptop,Electronics,Consumer,Distributor,7,55000,10,346500,326678.33,19821.67,Net Banking,Meena,Pending,3,11,No,4.2
ORD10824,21/02/2026,Female,8007829244,Hyderabad,Telangana,Webcam,Accessories,Small Business,Distributor,6,3500,15,17850,16242.14,1607.86,Credit Card,Meena,Returned,3,7,Yes,3.8
ORD10825,07/07/2026,Female,8174769026,Delhi,Delhi,Keyboard,Accessories,Corporate,Distributor,6,1800,15,9180,7905.31,1274.69,Cash,Karthik,Pending,2,12,No,2.2
ORD10826,05/01/2025,Other,6974022683,Bangalore,Karnataka,Tablet,Electronics,Small Business,Direct Sales,1,28000,10,25200,18057.64,7142.36,UPI,Sneha,Cancelled,5,7,No,2.7
ORD10827,10/04/2026,M,6002560298,Coimbatore,Tamil Nadu,Printer,Office Equipment,Consumer,Direct Sales,2,12000,3,23280,18569.1,4710.9,Credit Card,Priya,Cancelled,2,7,No,4.5
ORD10828,30/10/2025,Other,9876543210,Bengaluru,Karnataka,Webcam,Accessories,Consumer,Distributor,4,3500,0,14000,8734.5,5265.5,Net Banking,Priya,Returned,3,11,No,2
ORD10829,08/11/2025,Female,8728247411,Pune,Maharashtra,SSD,Storage,Consumer,Direct Sales,6,6500,8,35880,27689.21,8190.79,UPI,Meena,Cancelled,3,1,No,4.1
ORD10830,28/09/2026,Male,7631947122,Kochi,Kerala,Tablet,Electronics,Consumer,Direct Sales,2,28000,8,51520,43974.66,7545.34,UPI,Meena,Cancelled,5,2,Yes,2.7
ORD10831,11/09/2026,Female,8373509576,Trichy,Tamil Nadu,Monitor,Electronics,Enterprise,Retail Store,7,18000,15,107100,88322.45,18777.55,Cash,Vijay,Completed,1,11,Yes,3.8
ORD10832,20/04/2026,Female,9441590258,Kochi,Kerala,Laptop,Electronics,Consumer,Distributor,8,55000,0,440000,325818.87,114181.13,Cash,Priya,Returned,2,8,No,4.6
ORD10833,08/06/2025,Female,7069630090,Pune,Maharashtra,Laptop,Electronics,Consumer,Direct Sales,6,55000,8,303600,213286.23,90313.77,EMI,Karthik,Returned,1,5,Yes,2.7
ORD10834,19/12/2026,Male,6566931405,Trichy,Tamil Nadu,SSD,Storage,Consumer,Direct Sales,4,6500,15,22100,18894.72,3205.28,Net Banking,Sneha,Returned,1,12,No,3.9
ORD10835,25/07/2026,Male,6374705652,Coimbatore,Tamil Nadu,Monitor,Electronics,Small Business,Distributor,8,18000,-5,144000,98918.86,45081.14,Net Banking,Vijay,Pending,2,2,Yes,2.5
ORD10836,14/07/2026,Female,6286984909,Hyderabad,Telangana,SSD,Storage,Corporate,Direct Sales,4,6500,8,23920,20237.54,3682.46,UPI,Suresh,Completed,2,4,Yes,2.9
ORD10837,13/01/2025,Other,8278563058,Chennai,Tamil Nadu,Tablet,Electronics,Consumer,Distributor,6,28000,0,168000,124731.1,43268.9,Credit Card,Sneha,Pending,4,4,Yes,4
ORD10838,21/07/2026,Male,6627547946,Trichy,Tamil Nadu,Smartphone,Electronics,Corporate,Retail Store,4,32000,0,128000,84656.68,43343.32,UPI,Meena,Completed,5,3,Yes,3.9
ORD10839,03/03/2025,Female,6118821302,Delhi,Delhi,Tablet,Electronics,Corporate,Distributor,4,28000,20,89600,76495.15,13104.85,Net Banking,Meena,Pending,,3,No,3.8
ORD10840,22/10/2025, Male ,6132774667,Coimbatore,Tamil Nadu,Webcam,Accessories,Enterprise,Online,3,3500,3,10185,8019.43,2165.57,Cash,Priya,Pending,,1,No,2.8
ORD10841,12/09/2026,Other,8095031401,Trichy,Tamil Nadu,Headset,Accessories,Enterprise,Retail Store,6,2200,,12540,10833.48,1706.52,Net Banking,Sneha,Completed,,8,No,3.6
ORD10842,05/10/2025,Male,7344546502,Chennai ,Karnataka,SSD,Storage,Small Business,Retail Store,5,6500,15,27625,22242.05,5382.95,Cash,Divya,Cancelled,3,4,No,3.6
ORD10843,06/11/2026,,7267081065,Pune,Maharashtra,Tablet,Electronics,Corporate,Distributor,5,28000,10,126000,101041.3,24958.7,EMI,Suresh,Cancelled,2,8,Yes,2.4
ORD10844,12/12/2025,Female,7054989198,Mumbai,Maharashtra,Headset,Accessories,Enterprise,Direct Sales,4,2200,10,7920,7124.36,795.64,EMI,Rahul,Returned,5,6,Yes,2.8
ORD10845,07/02/2026,Female,9984895177,Pune,Maharashtra,Monitor,Electronics,Enterprise,Direct Sales,2,18000,8,33120,29345.31,3774.69,Cash,Anitha,Cancelled,5,10,No,2.6
ORD10846,24/03/2026,Male,6777838906,Coimbatore,Tamil Nadu,Laptop,Electronics,Consumer,Distributor,8,55000,10,396000,284213.16,111786.84,UPI,Arun,Completed,,2,No,2.4
ORD10847,04/08/2026,Female,8681605883,Coimbatore,Tamil Nadu,Monitor,Electronics,Small Business,Distributor,4,18000,0,72000,60041.86,11958.14,Net Banking,Divya,Pending,2,10,No,4.8
ORD10848,21/11/2025,Male,8326632207,Mumbai,Maharashtra,Printer,Office Equipment,Consumer,Retail Store,3,12000,0,36000,27104.06,8895.94,UPI,Anitha,Cancelled,4,2,Yes,2.7
ORD10849,27/06/2025,Male,7025512512,Mumbai,Maharashtra,Tablet,Electronics,Small Business,Direct Sales,4,28000,8,103040,85826.24,17213.76,Cash,Anitha,Returned,4,4,Yes,2.3
ORD10850,29/01/2026,Other,9285889819,Coimbatore,Tamil Nadu,Monitor,Electronics,Small Business,Retail Store,8,18000,8,132480,94477.32,38002.68,EMI,Meena,Returned,5,6,No,2.1
ORD10851,30/07/2025,Other,9594628835,Bengaluru,Tamil Nadu,Webcam,Accessories,Enterprise,Retail Store,7,3500,20,19600,17790.07,1809.93,Net Banking,Divya,Pending,3,6,No,2.8
ORD10852,25/01/2025,Other,8996087222,Mumbai,Maharashtra,Headset,Accessories,Consumer,Direct Sales,7,2200,10,13860,12792.09,1067.91,EMI,Arun,Returned,5,6,No,3.1
ORD10853,19/09/2025,Female,9915286336,Coimbatore,Tamil Nadu,Smartphone,Electronics,Small Business,Direct Sales,8,32000,8,235520,164216.48,71303.52,Credit Card,Karthik,Pending,5,11,Yes,4.5
ORD10854,26/12/2026,Other,8374361107,Delhi,Delhi,Tablet,Electronics,Consumer,Distributor,1,28000,20,22400,18896.06,3503.94,UPI,Suresh,Cancelled,4,3,No,2.4
ORD10855,20/06/2025,Male,8666936960,Pune,Maharashtra,Tablet,Electronics,Consumer,Retail Store,3,28000,3,81480,60334.8,21145.2,Debit Card,Suresh,Returned,4,3,Yes,2.1
ORD10856,03/10/2025,Female,8377000919,Madurai,Tamil Nadu,Mouse,Accessories,Small Business,Retail Store,2,900,0,1800,1449.87,350.13,Credit Card,Suresh,Pending,2,1,No,4.6
ORD10857,28/02/2025,Male,8014626962,Kochi,Kerala,Headset,Accessories,Corporate ,Retail Store,1,2200,10,1980,1630.38,349.62,Credit Card,Anitha,Cancelled,5,5,No,2.7
ORD10858,13/02/2025,Male,7233525322,Bangalore,Karnataka,Keyboard,Accessories,Enterprise,Direct Sales,4,1800,3,6984,5570.16,1413.84,EMI,Vijay,Returned,5,8,No,4.4
ORD10859,20/06/2025,Male,6888598749,Coimbatore,Tamil Nadu,SSD,Storage,Consumer,Distributor,5,6500,10,29250,27457.59,1792.41,Debit Card,Priya,Returned,4,7,No,3.1
ORD10860,22/03/2026,Other,9395276018,Trichy,Tamil Nadu,Printer,Office Equipment,Corporate,Distributor,4,12000,20,38400,29944.8,8455.2,Net Banking,Divya,Pending,1,4,No,2.8
ORD10861,20/04/2026,Male,6625078657,Trichy,Tamil Nadu,Tablet,Electronics,Consumer,Distributor,8,28000,5,212800,186316.93,26483.07,Debit Card,Arun,Cancelled,4,7,No,2.2
ORD10862,06/05/2026,Male,7332907772,Delhi,Delhi,Headset,Accessories,Corporate,Online,8,2200,0,17600,14857.12,2742.88,UPI,Karthik,Cancelled,1,1,Yes,3.9
ORD10863,20/09/2026,Female,7223752882,Chennai,Tamil Nadu,Printer,Office Equipment,Small Business,Online,8,12000,8,88320,67216.3,21103.7,Cash,Anitha,Completed,4,8,No,4.3
ORD10864,22/01/2026,Other,9103300794,Kochi,Kerala,Laptop,Electronics,Small Business,Retail Store,2,55000,3,106700,92829.82,13870.18,Credit Card,Divya,Completed,5,7,No,3.2
ORD10865,19/07/2025,Female,9433704659,Chennai,Tamil Nadu,Laptop,Electronics,Corporate,Direct Sales,5,55000,0,275000,233434.94,41565.06,Cash,Anitha,Cancelled,2,1,Yes,2.5
ORD10866,25/04/2026,Male,6343466510,Pune,Maharashtra,Laptop,Electronics,Enterprise,Distributor,8,55000,20,352000,279779.01,72220.99,Cash,Sneha,Returned,3,10,No,3.9
ORD10867,27/08/2026,Other,9342756329,Kochi,Kerala,Printer,Office Equipment,Corporate,Retail Store,3,12000,15,30600,28212.11,2387.89,UPI,Vijay,Returned,3,6,No,3.5
ORD10868,20/04/2025,Male,9782775924,Chennai,Tamil Nadu,Tablet,Electronics,Corporate,Direct Sales,5,28000,20,112000,115801.03,-3801.03,Credit Card,Priya,Cancelled,4,12,No,3.3
ORD10869,08/05/2026,,7870988352,Pune,Maharashtra,Printer,Office Equipment,Enterprise,Direct Sales,2,12000,3,23280,15815.69,7464.31,Credit Card,Vijay,Returned,1,6,No,2.4
ORD10870,20/02/2026,Male,8622389887,Trichy,Tamil Nadu,Mouse,Accessories,Corporate,Distributor,8,900,8,6624,5480.8,1143.2,Credit Card,Anitha,Cancelled,5,7,Yes,2.3
ORD10871,05/04/2025,Male,6008964726,Chennai,Tamil Nadu,Monitor,Electronics,Enterprise,Retail Store,3,18000,10,48600,39033.91,9566.09,UPI,Karthik,Cancelled,3,11,No,4
ORD10872,09/02/2025,Other,6000915300,Chennai,Tamil Nadu,Monitor,Electronics,Corporate,Retail Store,3,18000,5,51300,37758.64,13541.36,Net Banking,Meena,Completed,3,10,No,3.8
ORD10873,13/09/2026,Male,8132088419,Bangalore,Karnataka,Webcam,Accessories,Corporate,Distributor,5,3500,3,16975,11122.76,5852.24,UPI,Vijay,Cancelled,,3,No,4.4
ORD10874,15/02/2026,Other,7402777787,Kochi,Kerala,Printer,Office Equipment,Corporate,Retail Store,5,12000,5,57000,46610.25,10389.75,Net Banking,Karthik,Pending,1,2,Yes,3.8
ORD10875,17/03/2025,Other,7027588320,Hyderabad,Telangana,Monitor,Electronics,Enterprise,Direct Sales,2,18000,8,33120,23409.59,9710.41,Net Banking,Priya,Cancelled,,4,No,4
ORD10876,20/02/2025,Male,9489741721,Hyderabad,Telangana,Printer,Office Equipment,Enterprise,Direct Sales,7,12000,3,81480,59036.93,22443.07,EMI,Vijay,Cancelled,4,3,No,4.2
ORD10877,18/06/2025,Female,9760333874,Delhi,Delhi,Tablet,Electronics,Small Business,Retail Store,3,28000,0,84000,69602.55,14397.45,UPI,Karthik,Pending,5,10,No,4.9
ORD10878,09/10/2026,Other,7602125437,Hyderabad,Telangana,Mouse,Accessories,Small Business,Online,7,900,0,6300,5071.54,1228.46,UPI,Meena,Pending,2,3,No,4
ORD10879,20/09/2026,Other,9437174078,Pune,Maharashtra,Webcam,Accessories,Consumer,Direct Sales,7,3500,10,22050,21032.55,1017.45,EMI,Anitha,Cancelled,5,8,Yes,2.9
ORD10880,04/03/2026,Male,9964639288,Coimbatore,Tamil Nadu,Laptop,Electronics,Small Business,Retail Store,2,55000,8,101200,90100.19,11099.81,Net Banking,Rahul,Cancelled,,1,Yes,4
ORD10881,23/08/2025,Male,7705016899,Pune,Maharashtra,SSD,Storage,Consumer,Direct Sales,7,6500,5,43225,28256.79,14968.21,UPI,Priya,Cancelled,5,9,No,2
ORD10882,07/08/2025,Female,9348677784,Madurai,Tamil Nadu,Headset,Accessories,Consumer,Retail Store,1,2200,8,2024,1886.12,137.88,Net Banking,Suresh,Cancelled,2,9,Yes,2
ORD10883,07/05/2026,Other,9139692306,Bangalore,Karnataka,Tablet,Electronics,Small Business,Retail Store,6,28000,15,142800,114062.44,28737.56,EMI,Rahul,Cancelled,4,3,No,2.6
ORD10884,13/11/2025,Other,6294590834,Delhi,Delhi,Keyboard,Accessories,Consumer,Retail Store,2,1800,20,2880,3037.02,-157.02,UPI,Arun,Pending,1,5,Yes,2.3
ORD10885,02/07/2026,Female,8869031169,Delhi,Delhi,Smartphone,Electronics,Small Business,Online,2,32000,10,57600,51445.76,6154.24,Debit Card,Priya,Cancelled,2,7,Yes,3.6
ORD10886,17/12/2025,Male,8055959418,Chennai,Tamil Nadu,Headset,Accessories,Small Business,Online,2,2200,0,4400,2899.38,1500.62,Debit Card,Vijay,Returned,1,9,No,2.6
ORD10887,16/12/2026,Other,9920801582,Madurai,Tamil Nadu,Mouse,Accessories,Enterprise,Direct Sales,8,900,20,5760,5477.22,282.78,Net Banking,Sneha,Cancelled,2,1,Yes,3.4
ORD10888,17/01/2026,Other,9597117220,Madurai,Tamil Nadu,Laptop,Electronics,Consumer,Distributor,6,55000,0,330000,282822.86,47177.14,Net Banking,Priya,Pending,1,10,Yes,3.8
ORD10889,03/02/2025,Female,8306747621,Trichy,Tamil Nadu,Smartphone,Electronics,Enterprise,Distributor,6,32000,0,192000,147837.54,44162.46,UPI,Priya,Completed,3,11,Yes,4.1
ORD10890,18/03/2025,Female,7324504053,Hyderabad,Telangana,Tablet,Electronics,Small Business,Direct Sales,5,28000,5,133000,115351.16,17648.84,UPI,Arun,Cancelled,3,3,Yes,4.6
ORD10891,28/09/2025,Male,8475667951,Madurai,Tamil Nadu,Webcam,Accessories,Corporate,Online,2,3500,5,6650,4530.47,2119.53,Credit Card,Arun,Cancelled,3,9,Yes,4.4
ORD10892,13/04/2025,Female,6399292268,Madurai,Tamil Nadu,Webcam,Accessories,Small Business,Distributor,5,3500,10,15750,13613.18,2136.82,EMI,Arun,Pending,1,2,Yes,2.3
ORD10893,09/07/2026,Other,8410294696,Chennai,Tamil Nadu,Smartphone,Electronics,Corporate,Online,8,32000,20,204800,180907.72,23892.28,Debit Card,Karthik,Pending,,10,Yes,3.9
ORD10894,23/06/2025,Male,7751962237,Trichy,Tamil Nadu,Laptop,Electronics,Consumer,Distributor,4,55000,15,187000,173790.93,13209.07,Cash,Divya,Returned,5,4,Yes,3.3
ORD10895,19/12/2025,Female,9911625302,Coimbatore,Tamil Nadu,SSD,Storage,Small Business,Distributor,4,6500,20,20800,19413.35,1386.65,Credit Card,Anitha,Completed,,7,No,3.9
ORD10896,17/09/2025,Male,9498019909,Chennai,Tamil Nadu,Smartphone,Electronics,Consumer,Retail Store,2,32000,8,58880,48753.73,10126.27,Credit Card,Arun,Pending,2,12,Yes,4.2
ORD10897,12/08/2026,Other,6475772110,Hyderabad,Telangana,Tablet,Electronics,Consumer,Direct Sales,4,28000,5,106400,95228.67,11171.33,UPI,Sneha,Pending,4,3,Yes,4.2
ORD10898,16/06/2026,Other,6865646084,Delhi,Delhi,Monitor,Electronics,Corporate,Retail Store,6,18000,8,99360,76776.54,22583.46,Net Banking,Sneha,Pending,,11,Yes,3.5
ORD10899,20/04/2026,Other,7970306006,Coimbatore,Tamil Nadu,Headset,Accessories,Small Business,Retail Store,1,2200,5,2090,1365.61,724.39,Net Banking,Priya,Cancelled,2,5,No,2.5
ORD10900,07/11/2025,Male,8956788203,Trichy,Tamil Nadu,Laptop,Electronics,Small Business,Direct Sales,2,55000,10,99000,80196.93,18803.07,Net Banking,Rahul,Pending,4,4,No,4.7
ORD10901,19/07/2026,Male,7149658775,Mumbai,Maharashtra,Laptop,Electronics,Small Business,Distributor,8,55000,8,404800,295912.98,108887.02,EMI,Priya,Cancelled,,9,No,4.2
ORD10902,16/09/2025,Other,8467087917,Bangalore,Karnataka,Laptop,Electronics,Corporate,Direct Sales,2,55000,3,106700,91927.68,14772.32,Cash,Arun,completed,1,6,No,3.7
ORD10903,10/11/2025,Other,9455701462,Trichy,Tamil Nadu,Laptop,Electronics,Small Business,Retail Store,4,55000,3,213400,142127.02,71272.98,EMI,Vijay,Cancelled,1,7,No,3.9
ORD10904,28/04/2026,Female,6977438707,Delhi,Delhi,Mouse,Accessories,Enterprise,Online,1,900,20,720,630.61,89.39,EMI,Priya,Completed,5,3,Yes,3.2
ORD10905,16/03/2025,,9085637510,Mumbai,Maharashtra,Laptop,Electronics,Corporate,Retail Store,8,55000,8,404800,329293.96,75506.04,EMI,Divya,Pending,3,2,Yes,2.8
ORD10906,06/04/2026,Male,8627549477,Coimbatore,Tamil Nadu,SSD,Storage,Consumer,Online,2,6500,5,12350,10066.22,2283.78,Debit Card,Anitha,Pending,1,8,No,3.6
ORD10907,05/12/2025,Other,6984961510,Trichy,Tamil Nadu,Laptop,Electronics,Corporate ,Online,4,55000,20,176000,158143.52,17856.48,Net Banking,Sneha,Cancelled,4,9,Yes,2.1
ORD10908,26/06/2025,Other,6770480897,Madurai,Tamil Nadu,Monitor,Electronics,Corporate,Retail Store,1,18000,15,15300,12349.11,2950.89,Credit Card,Karthik,Cancelled,4,1,No,2.7
ORD10909,29/07/2025,Other,7854663638,Chennai,Tamil Nadu,Keyboard,Accessories,Corporate,Online,2,1800,15,3060,3020.18,39.82,Credit Card,Meena,Returned,1,3,No,2.1
ORD10910,05/08/2025,Male,7866672076,Coimbatore,Tamil Nadu,Keyboard,Accessories,Corporate,Retail Store,2,1800,0,3600,2892.46,707.54,Debit Card,Suresh,Cancelled,4,3,Yes,4.9
ORD10911,13/09/2026,Male,7742967142,Hyderabad,Telangana,Tablet,Electronics,Small Business,Direct Sales,8,28000,5,212800,155853.66,56946.34,Cash,Meena,Completed,5,2,Yes,4.7
ORD10912,28/10/2026,Male,8224597355,Kochi,Kerala,Mouse,Accessories,Corporate,Retail Store,2,900,10,1620,1323.07,296.93,Credit Card,Divya,Completed,5,10,Yes,2.7
ORD10913,23/09/2025,Male,9556705841,Bangalore,Karnataka,Webcam,Accessories,Corporate,Online,6,3500,10,18900,15729.34,3170.66,Net Banking,Meena,Pending,2,4,Yes,3.6
ORD10914,14/07/2026,Female,6707100364,Trichy,Tamil Nadu,SSD,Storage,Small Business,Distributor,2,6500,8,11960,10309.27,1650.73,UPI,Arun,Completed,1,11,Yes,4.6
ORD10915,15/10/2026,Other,6817856346,Bangalore,Karnataka,Laptop,Electronics,Enterprise,Online,6,55000,3,320100,264598.63,55501.37,Net Banking,Suresh,Cancelled,1,11,Yes,4.2
ORD10916,01/06/2026,Female,,Delhi,Delhi,Printer,Office Equipment,Consumer,Retail Store,7,12000,15,71400,54401.58,16998.42,Cash,Anitha,Returned,3,8,Yes,2.5
ORD10917,11/02/2025,Male,6189607394,Kochi,Kerala,Headset,Accessories,Consumer,Online,1,2200,5,2090,1564.35,525.65,EMI,Rahul,Pending,4,6,No,2.3
ORD10918,06/05/2025,Female,8197659905,Pune,Maharashtra,Webcam,Accessories,Corporate,Distributor,3,3500,8,9660,7461.86,2198.14,Debit Card,Arun,Cancelled,3,3,No,4.2
ORD10919,04/09/2025,Other,7975786551,Chennai,Tamil Nadu,Webcam,Accessories,corporate,Online,8,3500,0,28000,20093.24,7906.76,Cash,Suresh,Pending,2,2,Yes,2.8
ORD10920,08/05/2025,Female,8686838795,Bangalore,Karnataka,Laptop,Electronics,Small Business,Retail Store,7,55000,5,365750,315844.6,49905.4,Cash,Meena,Returned,2,9,Yes,3.1
ORD10921,08/06/2025,Other,7718341870,Kochi,Kerala,Mouse,Accessories,Small Business,Retail Store,2,900,8,1656,1231.69,424.31,Cash,Anitha,Cancelled,4,5,Yes,2.1
ORD10922,26/06/2026,Female,9876543210,Hyderabad,Telangana,Tablet,Electronics,Small Business,Online,6,28000,15,142800,133401.22,9398.78,Net Banking,Arun,Returned,3,11,No,2.5
ORD10923,23/08/2025,Female,8334182468,Pune,Maharashtra,Printer,Office Equipment,Small business,Distributor,1,12000,3,11640,8601.44,3038.56,Credit Card,Arun,Completed,4,7,No,3.2
ORD10924,22/04/2025,Other,8151649024,Pune,Maharashtra,Headset,Accessories,Corporate,Distributor,1,2200,20,1760,1483.26,276.74,Debit Card,Karthik,Returned,5,12,Yes,4
ORD10925,26/10/2025,Male,9285849377,Chennai,Tamil Nadu,Printer,Office Equipment,Small Business,Retail Store,5,12000,15,51000,46402.77,4597.23,Cash,Rahul,Cancelled,,2,No,4.2
ORD10926,11/04/2026, Male ,6207577199,Bangalore,Karnataka,Keyboard,Accessories,Corporate,Retail Store,2,1800,0,3600,2846.57,753.43,Cash,Priya,Pending,4,4,Yes,3.2
ORD10927,20/03/2025,Female,12345,Mumbai,Maharashtra,Printer,Office Equipment,Small Business,Direct Sales,1,12000,8,11040,9901.86,1138.14,UPI,Meena,Returned,5,12,Yes,2
ORD10928,20/04/2025,Other,6549356436,Mumbai,Maharashtra,Keyboard,Accessories,Consumer,Retail Store,1,1800,20,1440,1128.7,311.3,EMI,Vijay,Cancelled,4,11,No,2.8
ORD10929,04/01/2025,Female,7580139288,Madurai,Tamil Nadu,Headset,Accessories,Small Business,Retail Store,2,2200,15,3740,3686.78,53.22,UPI,Priya,Cancelled,5,2,Yes,4.6
ORD10930,25/08/2025,Female,9599462782,Pune,Maharashtra,SSD,Storage,Consumer,Retail Store,2,6500,10,11700,8971.8,2728.2,Net Banking,Divya,Pending,,3,Yes,3.8
ORD10931,10/12/2025,Male,7095849435,Hyderabad,Telangana,Webcam,Accessories,Consumer,Distributor,2,3500,3,6790,5098.17,1691.83,Credit Card,Suresh,Returned,,1,No,3.9
ORD10932,17/02/2025,Male,9205518426,Mumbai,Maharashtra,Printer,Office Equipment,Corporate,Direct Sales,8,12000,8,88320,69396.55,18923.45,UPI,Arun,Pending,1,9,Yes,3.1
ORD10933,28/01/2025,,7376013941,Madurai,Tamil Nadu,Tablet,Electronics,Corporate,Online,2,28000,20,44800,46429.4,-1629.4,Credit Card,Divya,Cancelled,3,6,Yes,4.5
ORD10934,13/05/2026,Other,8766607192,Kochi,Kerala,Webcam,Accessories,Corporate,Retail Store,3,3500,8,9660,7951.54,1708.46,Cash,Rahul,Cancelled,,1,Yes,2.7
ORD10935,02/11/2025,Other,9838519167, CHENNAI ,Tamil Nadu,Webcam,Accessories,Corporate,Direct Sales,8,3500,20,22400,18664.14,3735.86,UPI,Divya,Pending,,6,Yes,2.2
ORD10936,04/06/2026,Other,6278485353,Trichy,Tamil Nadu,Printer,Office Equipment,Small Business,Distributor,1,12000,10,10800,9808.1,991.9,Cash,Karthik,Completed,,8,No,3.7
ORD10937,20/01/2026,Other,8596995141,Coimbatore,Tamil Nadu,Keyboard,Accessories,Enterprise,Online,7,1800,20,10080,9700.44,379.56,Cash,Rahul,Pending,5,6,No,3.9
ORD10938,29/10/2025,Other,8657655404,Mumbai,Maharashtra,SSD,Storage,Corporate,Retail Store,3,6500,5,18525,14735.79,3789.21,Credit Card,Priya,Pending,2,5,Yes,4.3
ORD10939,24/01/2025,Female,8749807613,Coimbatore,Tamil Nadu,Tablet,Electronics,Consumer,Direct Sales,1,28000,8,25760,21541.3,4218.7,Net Banking,Arun,Returned,2,12,Yes,2.9
ORD10940,09/09/2026,Other,6594952023,Kochi,Kerala,Mouse,Accessories,Consumer,Distributor,4,900,5,3420,2811.01,608.99,UPI,Sneha,Returned,,2,Yes,4.7
ORD10941,31/05/2025,Other,8905778118,Madurai,Tamil Nadu,SSD,Storage,Corporate,Direct Sales,7,6500,5,43225,28536.94,14688.06,EMI,Rahul,Completed,5,7,No,3
ORD10942,13/03/2026,Male,9467037048,Mumbai,Maharashtra,Monitor,Electronics,Small Business,Distributor,1,18000,10,16200,13241.93,2958.07,UPI,Rahul,Pending,3,7,Yes,2.7
ORD10943,31/01/2025,Male,6027974528,Kochi,Kerala,Headset,Accessories,Enterprise,Direct Sales,5,2200,15,9350,9193.34,156.66,Net Banking,Priya,Completed,1,7,Yes,2.2
ORD10944,27/01/2025,Other,6240459121,Madurai,Tamil Nadu,Mouse,Accessories,Small Business,Online,6,900,20,4320,4604.46,-284.46,Debit Card,Anitha,Completed,,6,Yes,3.4
ORD10945,30/03/2026,Male,9135224693,Kochi,Kerala,Keyboard,Accessories,Small Business,Retail Store,4,1800,20,5760,5470.5,289.5,EMI,Rahul,Cancelled,1,8,No,3.3
ORD10946,05/04/2026,Female,8883612800,Coimbatore,Tamil Nadu,Headset,Accessories,Corporate,Retail Store,3,2200,0,6600,5223.48,1376.52,Debit Card,Arun,Completed,,8,No,4.8
ORD10947,24/01/2025,Female,6288441810,Hyderabad,Telangana,Laptop,Electronics,Corporate,Retail Store,2,55000,20,88000,88732.33,-732.33,Credit Card,Meena,Pending,1,3,No,3.1
ORD10948,12/07/2026,Male,9648770062,Mumbai,Maharashtra,Keyboard,Accessories,Corporate,Online,6,1800,8,9936,6977.78,2958.22,UPI,Anitha,Pending,1,7,Yes,2.7
ORD10949,14/07/2026,Male,6817706810,Mumbai,Maharashtra,Tablet,Electronics,Corporate,Direct Sales,6,28000,3,162960,123018.78,39941.22,UPI,Suresh,Cancelled,3,5,Yes,4.2
ORD10950,10/02/2026,Male,7851817007,Madurai,Tamil Nadu,Keyboard,Accessories,Small Business,Distributor,6,1800,0,10800,7061.09,3738.91,UPI,Divya,Returned,2,11,No,4.5
ORD10951,27/05/2026,Male,6322889502,Trichy,Tamil Nadu,Tablet,Electronics,Consumer,Retail Store,2,28000,3,54320,46883.78,7436.22,EMI,Priya,Returned,5,9,Yes,2.3
ORD10952,15/12/2025,Female,7004440422, CHENNAI ,Maharashtra,Mouse,Accessories,Enterprise,Retail Store,7,900,3,6111,4771.65,1339.35,Cash,Divya,Completed,5,3,No,3.2
ORD10953,21/12/2026,Female,8923778833,Mumbai,Maharashtra,Printer,Office Equipment,Consumer,Direct Sales,8,12000,15,81600,60048.05,21551.95,Net Banking,Arun,Returned,4,4,No,3.6
ORD10954,08/07/2026,Male,6961678449,Chennai,Tamil Nadu,Keyboard,Accessories,Small Business,Distributor,6,1800,20,8640,6701.84,1938.16,EMI,Karthik,Completed,4,11,No,2
ORD10955,19/02/2026,Other,8797319452,Kochi,Kerala,Printer,Office Equipment,Corporate,Online,8,12000,0,96000,75342.66,20657.34,Cash,Karthik,Cancelled,5,7,No,4.3
ORD10956,16/09/2026,Male,6680052083,Kochi,Kerala,Laptop,Electronics,Corporate,Online,,55000,3,266750,198877.43,67872.57,Debit Card,Arun,Pending,,9,No,4.9
ORD10957,13/09/2026,Other,8377439914,Pune,Maharashtra,SSD,Storage,Consumer,Online,5,6500,15,27625,21163.91,6461.09,Debit Card,Sneha,Returned,,9,No,4.9
ORD10958,29/08/2025,Female,8051282554,Trichy,Tamil Nadu,Laptop,Electronics,Corporate,Retail Store,2,55000,5,104500,92584.34,11915.66,UPI,Anitha,Returned,3,7,Yes,4.9
ORD10959,29/01/2026,Other,9931262057,Trichy,Tamil Nadu,Monitor,Electronics,Enterprise,Direct Sales,8,18000,10,129600,107672.74,21927.26,EMI,Karthik,Pending,3,9,Yes,3.5
ORD10960,13/02/2026,Female,6222788609,Kochi,Kerala,Laptop,Electronics,Small Business,Online,6,55000,15,280500,246131.43,34368.57,EMI,Sneha,Returned,4,12,No,4.1
ORD10961,14/10/2025,Female,7152436119,Chennai,Tamil Nadu,SSD,Storage,Small Business,Retail Store,1,6500,15,5525,4224.73,1300.27,Cash,Vijay,Returned,5,7,Yes,2.4
ORD10962,17/05/2025,Female,9391027417,Pune,Maharashtra,SSD,Storage,Enterprise,Retail Store,3,6500,15,16575,13244.2,3330.8,Credit Card,Suresh,Completed,3,7,Yes,2.8
ORD10963,10/05/2026,Male,8471511796,Hyderabad,Telangana,Printer,Office Equipment,Corporate,Direct Sales,6,12000,15,61200,61736.51,-536.51,Cash,Divya,Pending,3,9,No,2.3
ORD10964,24/10/2026,Female,9651247272,Bangalore,Karnataka,Webcam,Accessories,Small Business,Online,7,3500,5,23275,17340.93,5934.07,Cash,Sneha,Returned,,5,No,2.7
ORD10965,14/08/2026,Other,8079834001,Pune,Maharashtra,Mouse,Accessories,Corporate,Online,2,900,15,1530,1502.15,27.85,Credit Card,Suresh,Cancelled,5,4,No,4.4
ORD10966,30/11/2025,Female,9554512120,Delhi,Delhi,Monitor,Electronics,Small Business,Retail Store,4,18000,8,66240,49954.99,16285.01,UPI,Divya,Pending,3,10,Yes,4.5
ORD10967,04/04/2026,Other,7141406531,Kochi,Kerala,Smartphone,Electronics,Corporate,Online,2,32000,3,62080,51949.63,10130.37,Debit Card,Priya,Completed,3,3,No,3.1
ORD10968,15/05/2025,Female,6557383228,Bangalore,Karnataka,Webcam,Accessories,Corporate,Distributor,8,3500,10,25200,17764.16,7435.84,Net Banking,Karthik,Pending,3,9,No,3.2
ORD10969,06/07/2026,Male,6593646339,Madurai,Tamil Nadu,Printer,Office Equipment,Enterprise,Distributor,7,12000,20,67200,67286.49,-86.49,Cash,Sneha,Cancelled,5,11,No,4.2
ORD10970,21/09/2026,Male,7307996677,Delhi,Delhi,Tablet,Electronics,Consumer,Online,6,28000,20,134400,132895.1,1504.9,EMI,Vijay,Cancelled,1,3,Yes,4.6
ORD10971,24/08/2026,Male,6563190028,Hyderabad,Telangana,Laptop,Electronics,Consumer,Distributor,5,55000,5,261250,212684.89,48565.11,Debit Card,Priya,Pending,1,6,No,3.4
ORD10972,30/11/2026,Female,9655541694,Mumbai,Maharashtra,Webcam,Accessories,Enterprise,Direct Sales,7,3500,10,22050,19530.35,2519.65,Cash,Anitha,Returned,2,8,Yes,3.3
ORD10973,13/05/2025,Female,7236578071,Pune,Maharashtra,Smartphone,Electronics,Corporate,Online,7,32000,3,217280,179033.35,38246.65,Cash,Divya,Pending,,9,Yes,4.2
ORD10974,23/10/2026,Other,6397731536,Bangalore,Karnataka,Mouse,Accessories,Consumer,Direct Sales,3,900,3,2619,2067.06,551.94,EMI,Arun,Completed,5,4,No,2.8
ORD10975,19/06/2025,Other,6374056806,Mumbai,Maharashtra,Keyboard,Accessories,Enterprise,Retail Store,8,1800,5,13680,9011.72,4668.28,Credit Card,Sneha,Returned,4,6,No,4.2
ORD10976,08/06/2025,Male,8656916250,Kochi,Kerala,Printer,Office Equipment,Consumer,Direct Sales,5,12000,8,55200,39153.6,16046.4,Net Banking,Suresh,Pending,,2,No,2.2
ORD10977,06/03/2025,Male,7902233736,Trichy,Tamil Nadu,Keyboard,Accessories,Corporate,Retail Store,2,1800,15,3060,2637.02,422.98,UPI,Sneha,Pending,2,3,Yes,4.2
ORD10978,23/08/2026,Male,8375702744,Bangalore,Karnataka,Keyboard,Accessories,Corporate,Retail Store,7,1800,20,10080,8800.71,1279.29,Credit Card,Sneha,Cancelled,,4,Yes,3
ORD10979,23/10/2026,male,6693902169,Pune,Maharashtra,Headset,Accessories,Enterprise,Distributor,7,2200,0,15400,11355.73,4044.27,Credit Card,Arun,Cancelled,3,5,No,3.8
ORD10980,20/08/2026,Other,6748744087,Hyderabad,Telangana,Monitor,Electronics,Enterprise,Online,8,18000,10,129600,117787.47,11812.53,Credit Card,Arun,Cancelled,2,11,No,4.3
ORD10981,01/12/2025,Other,7043793884,Bangalore,Karnataka,Smartphone,Electronics,Corporate,Retail Store,4,32000,8,117760,101107.26,16652.74,UPI,Priya,Pending,3,7,Yes,3.6
ORD10982,16/05/2026,Other,8162347268,Chennai,Tamil Nadu,Keyboard,Accessories,Enterprise,Distributor,1,1800,5,1710,1444.75,265.25,EMI,Divya,Cancelled,,9,No,2.6
ORD10983,11/02/2025,Female,7014846368,Coimbatore,Tamil Nadu,Webcam,Accessories,Enterprise,Online,1,3500,20,2800,2873.8,-73.8,Cash,Anitha,Cancelled,1,8,Yes,3
ORD10984,21/10/2026,Other,7495711833,Mumbai,Maharashtra,Keyboard,Accessories,Consumer,Online,2,1800,0,3600,2905.01,694.99,Debit Card,Divya,Returned,,11,Yes,2.2
ORD10985,05/12/2026,Other,6494651996,Chennai,Tamil Nadu,Mouse,Accessories,Corporate,Direct Sales,7,900,8,5796,4030.96,1765.04,UPI,Karthik,Pending,1,4,Yes,2.4
ORD10986,24/02/2025,Male,6484083992,Coimbatore,Tamil Nadu,Smartphone,Electronics,SMB,Direct Sales,8,32000,20,204800,199281.63,5518.37,UPI,Karthik,Pending,1,2,Yes,3.3
ORD10987,30/09/2026,Male,7261054900,Kochi,Kerala,Printer,Office Equipment,Corporate,Direct Sales,8,12000,3,93120,64080.8,29039.2,Net Banking,Sneha,Pending,5,1,Yes,3.4
ORD10988,16/10/2025,Female,6097536258,Kochi,Kerala,Headset,Accessories,Enterprise,Retail Store,2,2200,3,4268,3535.16,732.84,Debit Card,Arun,Cancelled,2,3,No,3.1
ORD10989,25/12/2025,Other,9161023975,Madurai,Tamil Nadu,Laptop,Electronics,Consumer,Retail Store,4,55000,15,187000,181114.9,5885.1,EMI,Anitha,Cancelled,2,12,No,4.5
ORD10990,15/07/2025,Female,8317733269,Mumbai,Maharashtra,Monitor,Electronics,Small Business,Direct Sales,8,18000,0,144000,94183.34,49816.66,Debit Card,Karthik,Pending,1,5,Yes,4.7
ORD10991,09/03/2026,Male,8058622934,Chennai,Tamil Nadu,Keyboard,Accessories,Corporate,Direct Sales,3,1800,8,4968,4553.52,414.48,Debit Card,Arun,Pending,,10,Yes,3.3
ORD10992,27/02/2026,Female,8280830337,Coimbatore,Tamil Nadu,Monitor,Electronics,Consumer,Distributor,7,18000,20,100800,95986.18,4813.82,Debit Card,Rahul,Pending,,11,Yes,2.7
ORD10993,23/09/2026,Other,9926487238,Chennai,Tamil Nadu,Headset,Accessories,Enterprise,Distributor,4,2200,0,8800,5719.36,3080.64,Net Banking,Rahul,Completed,3,8,No,3.1
ORD10994,19/04/2025,Female,6011733978,Hyderabad,Telangana,Tablet,Electronics,Consumer,Online,4,28000,5,106400,82330.88,24069.12,Cash,Arun,Completed,5,2,Yes,2.6
ORD10995,10/10/2025,Female,8217405356,Kochi,Kerala,Tablet,Electronics,Consumer,Online,4,28000,0,112000,81517.88,30482.12,Cash,Priya,Cancelled,4,2,Yes,3.8
ORD10996,05/06/2026,Male,7058722336,Delhi,Delhi,Monitor,Electronics,Consumer,Direct Sales,1,18000,8,16560,11524.76,5035.24,EMI,Divya,Cancelled,1,1,No,3.1
ORD10997,15/02/2026,Male,6074859597,Pune,Maharashtra,Webcam,Accessories,Enterprise,Retail Store,8,3500,5,26600,18700.6,7899.4,Debit Card,Suresh,Cancelled,4,7,No,3.8
ORD10998,08/12/2025,Other,7729067297,Chennai,Tamil Nadu,Smartphone,Electronics,Corporate,Direct Sales,4,32000,0,128000,96601.84,31398.16,Debit Card,Vijay,Returned,4,3,Yes,3.1
ORD10999,02/05/2026,Female,7730804550,Kochi,Kerala,Monitor,Electronics,Enterprise,Direct Sales,4,18000,20,57600,47028.48,10571.52,UPI,Rahul,Cancelled,,10,Yes,4.3
ORD11000,24/04/2026,Male,9217027861,Chennai,Tamil Nadu,Monitor,Electronics,Small business,Retail Store,8,18000,10,129600,106064.19,23535.81,Cash,Suresh,Completed,,10,No,3.7
ORD10779,19/07/2025,Male,9742365255,Kochi,Kerala,Headset,Accessories,Enterprise,Online,2,2200,3,4268,2922.27,1345.73,Credit Card,Anitha,Cancelled,,3,Yes,3.6
ORD10335,12/05/2026,Female,6362501515,Hyderabad,Telangana,Printer,Office Equipment,Corporate,Retail Store,5,12000,20,48000,47291.16,708.84,Net Banking,Vijay,Returned,2,11,No,4.2
ORD10272,27/10/2025,Other,7604788242,Trichy,Tamil Nadu,Smartphone,Electronics,Corporate,Direct Sales,5,32000,0,160000,128609.38,31390.62,Cash,Vijay,Returned,2,3,No,4.5
ORD10803,27/05/2026,Female,8859542876,Bengaluru,Maharashtra,Webcam,Accessories,Consumer,Distributor,4,3500,3,13580,10314.76,3265.24,UPI,Priya,Cancelled,,8,No,2.4
ORD10217,19/06/2025,Male,7421182517,Kochi,Kerala,Keyboard,Accessories,Small Business,Online,8,1800,20,11520,10641.61,878.39,Cash,Divya,Returned,4,4,Yes,3.4
ORD10409,02/03/2025,Female,9900803267,Coimbatore,Tamil Nadu,Tablet,Electronics,Small Business,Online,5,28000,0,140000,90001.39,49998.61,UPI,Rahul,Returned,3,7,No,2.4
ORD10813,12/06/2025,Male,6242726537,Hyderabad,Telangana,Tablet,Electronics,Consumer,Online,2,28000,20,44800,37505.5,7294.5,EMI,Divya,Returned,1,1,Yes,4.3
ORD10095,11/01/2026,Male,6487258103,Trichy,Tamil Nadu,Printer,Office Equipment,Consumer,Retail Store,2,12000,10,21600,15673.12,5926.88,Net Banking,Suresh,Returned,5,2,No,4.3
